miRNA,Importance
MIMAT0019065,0.0042205061592561375
MIMAT0019212,0.0032472578625000912
MIMAT0002173,0.003246171070125884
MIMAT0004804,0.003177310695812517
MIMAT0003304,0.0030505098510196045
MIMAT0027617,0.0029182934364767863
MIMAT0018192,0.0028492926263153735
MIMAT0000092,0.0026929735341460342
MIMAT0019708,0.0026720450927527205
MIMAT0027645,0.0025720856373653363
MIMAT0005792,0.0025688996522535527
MIMAT0035542,0.002527638564785643
MIMAT0027393,0.002453147356468075
MIMAT0028110,0.0024295247860327916
MIMAT0003246,0.0023864320004508537
MIMAT0005902,0.0023427414118142344
MIMAT0019874,0.002316124954227167
MIMAT0004951,0.0022914585116569903
MIMAT0003307,0.002281080808425543
MIMAT0027619,0.0022555278694670984
MIMAT0019008,0.002250875068754341
MIMAT0027374,0.002240466618493087
MIMAT0027459,0.002229051988019113
MIMAT0027504,0.0022224136916289784
MIMAT0005793,0.0021982438428851747
MIMAT0000451,0.002195570895427003
MIMAT0030991,0.0021554760405617136
MIMAT0027553,0.0021438664755637853
MIMAT0004748,0.002103492056167079
MIMAT0018361,0.0020720550235923075
MIMAT0000753,0.0020693390534211576
MIMAT0016910,0.0020663221309230994
MIMAT0000756,0.002065606705900573
MIMAT0018090,0.0020613735150690356
MIMAT0012735,0.002060163324768778
MIMAT0027457,0.002059807194395792
MIMAT0028114,0.0020576444989564104
MIMAT0019964,0.0020381683067636366
MIMAT0016854,0.002021090152427798
MIMAT0015378,0.0019968597550381146
MIMAT0021129,0.001971632469778883
MIMAT0018003,0.0019704648297535683
MIMAT0027640,0.0019462153712019932
MIMAT0006790,0.0019445664413367586
MIMAT0030999,0.0019442274108377395
MIMAT0004952,0.0019407986596652225
MIMAT0027660,0.0019403374996427155
MIMAT0020603,0.0019233073235074341
MIMAT0027530,0.001916532933444111
MIMAT0019712,0.0019035657765666598
MIMAT0023694,0.0018998741145037933
MIMAT0026477,0.0018960441541977574
MIMAT0027439,0.001890848581488458
MIMAT0027488,0.0018868898864360896
MIMAT0002867,0.0018848656771331873
MIMAT0027611,0.0018838863187892213
MIMAT0030421,0.0018810965552886916
MIMAT0018185,0.0018772671461691542
MIMAT0028117,0.001877022076443913
MIMAT0027365,0.0018748699135757265
MIMAT0002872,0.0018718551272172473
MIMAT0021082,0.0018689843210048917
MIMAT0027387,0.0018630310136946093
MIMAT0019791,0.0018504557646126043
MIMAT0027687,0.0018352360460859869
MIMAT0005573,0.0018043382799874186
MIMAT0019882,0.001797979198285085
MIMAT0005584,0.001789452718866937
MIMAT0019830,0.0017890351308188464
MIMAT0025856,0.0017828096462393507
MIMAT0027499,0.0017823184560302905
MIMAT0018951,0.0017713033448916301
MIMAT0027501,0.0017544240709412445
MIMAT0027651,0.0017478252087233764
MIMAT0004682,0.001745310728514666
MIMAT0021040,0.0017431934977460597
MIMAT0031177,0.0017404755304034122
MIMAT0027353,0.0017324396430096
MIMAT0004945,0.001729702531453146
MIMAT0022977,0.0017209949185031837
MIMAT0018976,0.0017138783328729417
MIMAT0001339,0.001694633078200946
MIMAT0015061,0.001689744211808567
MIMAT0019893,0.00168429141248655
MIMAT0003298,0.0016838703689031342
MIMAT0007885,0.0016786667352718316
MIMAT0018120,0.0016763832571295187
MIMAT0018960,0.0016624180128646956
MIMAT0000459,0.0016492330555850977
MIMAT0019696,0.0016479002879993395
MIMAT0019071,0.0016473734725844184
MIMAT0019913,0.001640336557133099
MIMAT0015080,0.0016130869840290398
MIMAT0027535,0.001607254666551977
MIMAT0027647,0.0016049246318215087
MIMAT0028121,0.0016015117835334474
MIMAT0019868,0.001599245573567628
MIMAT0018987,0.001596785105312856
MIMAT0027419,0.0015693574166530477
MIMAT0000722,0.0015616022135437084
MIMAT0018937,0.0015606771698572477
MIMAT0004500,0.001525800696693736
MIMAT0000681,0.0015246331018592052
MIMAT0028215,0.001523825448073309
MIMAT0000725,0.0015031407343801845
MIMAT0028223,0.0014991943568449407
MIMAT0028116,0.0014979691990196528
MIMAT0027667,0.001493069355087327
MIMAT0027652,0.0014930438105320654
MIMAT0018080,0.00149295190453047
MIMAT0022727,0.0014915956261740263
MIMAT0019928,0.0014880804452044106
MIMAT0027429,0.0014866810694042609
MIMAT0018071,0.0014866019737103944
MIMAT0016893,0.001479387716945445
MIMAT0004657,0.0014793788484685063
MIMAT0028211,0.0014765846297936714
MIMAT0027478,0.0014731949881149043
MIMAT0018975,0.001471782096471416
MIMAT0016895,0.001460993531980015
MIMAT0026483,0.001450673120783591
MIMAT0009199,0.0014447226619668978
MIMAT0019215,0.0014395498379600417
MIMAT0019018,0.0014394680959405794
MIMAT0000262,0.0014334994088606933
MIMAT0011161,0.0014274710281043613
MIMAT0027360,0.0014261815805589064
MIMAT0028126,0.00142551407838862
MIMAT0018178,0.0014231696357927654
MIMAT0019740,0.0014213632837130888
MIMAT0019846,0.0014182349473450641
MIMAT0000231,0.0014137923949942832
MIMAT0022942,0.0014126864705795987
MIMAT0005952,0.0014092527866818418
MIMAT0015026,0.0014071415974165882
MIMAT0022721,0.0014030014810785974
MIMAT0018933,0.0014011918181272382
MIMAT0022260,0.001400680932490306
MIMAT0007881,0.0013770786096961285
MIMAT0020925,0.0013760134901881652
MIMAT0000415,0.0013721860725856758
MIMAT0019797,0.0013634973665369349
MIMAT0027471,0.0013630753846735166
MIMAT0027520,0.0013588839862382124
MIMAT0030415,0.00135829700126057
MIMAT0027531,0.001355970069581332
MIMAT0003320,0.0013534463256488904
MIMAT0023713,0.0013533684235812326
MIMAT0005949,0.0013520702014073057
MIMAT0027026,0.0013484343205967314
MIMAT0027538,0.001347722740148703
MIMAT0019939,0.0013466438025973731
MIMAT0003888,0.001343464945537292
MIMAT0030979,0.0013310545382040381
MIMAT0027503,0.0013301218389452699
MIMAT0003237,0.001312392214292599
MIMAT0018931,0.0013108052934453246
MIMAT0005866,0.0013099922140152578
MIMAT0027523,0.0012962255876924661
MIMAT0019069,0.0012955776197459007
MIMAT0015023,0.0012863988920450576
MIMAT0023699,0.00128595991307041
MIMAT0000278,0.0012858044615811379
"MIMAT0002852, MIMAT0002857",0.001284422968781485
MIMAT0023701,0.0012815829708054322
MIMAT0027375,0.0012785407897183852
MIMAT0019829,0.001275003459021734
MIMAT0009203,0.0012749717704985924
MIMAT0004980,0.001274613645430588
MIMAT0025845,0.0012696081171012141
MIMAT0000423,0.0012641354322862263
MIMAT0014996,0.0012608253409483927
MIMAT0005883,0.0012597350662302584
MIMAT0023697,0.0012591949486505532
MIMAT0005794,0.0012500970585060367
MIMAT0023706,0.0012479667678169464
MIMAT0027580,0.0012462657243836987
MIMAT0018993,0.001244056467007936
MIMAT0022731,0.0012427597764258635
MIMAT0000446,0.001236441890653101
MIMAT0019737,0.0012355294657112417
MIMAT0019691,0.0012304283100808288
MIMAT0003317,0.0012300127381255652
MIMAT0000280,0.001227284461936147
MIMAT0022273,0.0012269710034955455
MIMAT0000077,0.0012217612551679656
MIMAT0004595,0.0012188321651380141
MIMAT0031012,0.0012172325883520216
MIMAT0027452,0.0012113540665173294
MIMAT0027541,0.0012107048053779268
MIMAT0015019,0.0012071953582222326
MIMAT0003257,0.0012071436328137534
MIMAT0027464,0.001206204127995658
MIMAT0018967,0.001205840103582292
MIMAT0027404,0.0012035295428004427
MIMAT0019793,0.0012032127723640288
MIMAT0027413,0.0012028375553611679
MIMAT0019869,0.0011998948286765705
MIMAT0000266,0.001196835076334856
MIMAT0015052,0.0011944820122552443
MIMAT0016896,0.0011806237772308788
MIMAT0003883,0.0011798341337021208
MIMAT0018947,0.0011769140525791934
MIMAT0019706,0.001176669822958668
MIMAT0027657,0.0011739855628233535
MIMAT0027678,0.0011717207605288055
MIMAT0016897,0.0011692285048010545
MIMAT0032029,0.00116851560827363
MIMAT0027590,0.0011660265642577958
MIMAT0027498,0.001165184184168446
MIMAT0000252,0.0011590228502774448
MIMAT0022491,0.0011589239556008591
MIMAT0015058,0.0011588682848481689
MIMAT0017987,0.001158599169229676
MIMAT0004910,0.0011566725148775847
MIMAT0027431,0.0011538891451704225
MIMAT0019692,0.001152739036326505
MIMAT0027038,0.0011499940746552187
MIMAT0027533,0.0011492675582297754
MIMAT0003295,0.0011469380353419164
MIMAT0000761,0.0011457509864136871
MIMAT0022693,0.001143744433588476
MIMAT0027539,0.0011428579733455144
MIMAT0004681,0.0011370383253570613
MIMAT0013518,0.0011361574376686561
MIMAT0002812,0.001130929159315783
MIMAT0015007,0.001128908987694876
MIMAT0000427,0.0011283615516604075
MIMAT0019034,0.0011273189009242607
MIMAT0019083,0.0011232558740337467
MIMAT0027567,0.00111978719017332
MIMAT0027655,0.001119735779623843
MIMAT0025472,0.0011191491456582535
MIMAT0018114,0.0011153602874612175
MIMAT0015083,0.0011148226825677821
MIMAT0019695,0.0011126965260892456
MIMAT0019867,0.0011125577368833778
MIMAT0012734,0.0011091119637734658
MIMAT0003308,0.0011077208475285339
MIMAT0015075,0.0011062071652616725
MIMAT0019912,0.001104029473327721
MIMAT0022736,0.0011031386927587783
MIMAT0000102,0.0011019904747365725
MIMAT0004749,0.001097773335286765
MIMAT0027653,0.0010973600710430529
MIMAT0019798,0.0010966689499815232
MIMAT0016916,0.0010905028366430406
MIMAT0004979,0.0010898690725537922
MIMAT0025453,0.001088437966889838
MIMAT0016867,0.0010860549327267707
MIMAT0016868,0.001085859417953389
MIMAT0019020,0.0010792592880556973
MIMAT0005796,0.0010697190888553604
MIMAT0026607,0.0010691489199901967
MIMAT0003239,0.001068153704050571
MIMAT0005580,0.0010648500728427852
MIMAT0018981,0.0010631512786074388
MIMAT0019075,0.001059827505377133
MIMAT0019077,0.0010580935498159902
MIMAT0009201,0.0010547245775791186
MIMAT0026738,0.0010529945276164918
MIMAT0022497,0.0010524615216694535
MIMAT0027594,0.001048323853496862
MIMAT0019690,0.0010474663997686847
MIMAT0027515,0.0010468695300132537
MIMAT0018087,0.0010463043315314267
MIMAT0016845,0.0010458859604882515
MIMAT0019702,0.0010446887594722219
MIMAT0031000,0.0010406937286222722
MIMAT0027648,0.0010383145418278714
MIMAT0027456,0.0010335265098548882
MIMAT0026608,0.0010289166537178149
MIMAT0019786,0.0010287700598704277
MIMAT0025857,0.0010262548588759002
MIMAT0016852,0.0010229493024556573
MIMAT0005920,0.001021325764679491
MIMAT0019709,0.001021122155250897
MIMAT0016909,0.0010202937352566024
MIMAT0005939,0.0010182872157615522
MIMAT0003294,0.0010139950207973874
MIMAT0018968,0.0010126969795833385
MIMAT0027378,0.0010121787640513392
MIMAT0027659,0.0010117730444263629
MIMAT0027450,0.0010111261539885112
MIMAT0019822,0.0010069429492265622
MIMAT0019958,0.0010046876850062828
MIMAT0002172,0.0010019891395767206
MIMAT0027383,0.0010013490792010673
MIMAT0004672,0.001001078053842421
MIMAT0004507,0.0009948525352980035
MIMAT0005868,0.0009944412382997382
MIMAT0019073,0.0009938686069807644
MIMAT0026612,0.000991942854014867
MIMAT0014984,0.0009873745587893827
MIMAT0028113,0.000986994239579555
MIMAT0004498,0.0009865011181981343
MIMAT0019015,0.0009841663511479257
MIMAT0027468,0.0009839944348935439
"MIMAT0002845, MIMAT0005455, MIMAT0005456",0.0009788939133084991
MIMAT0002828,0.0009720169717142672
MIMAT0019042,0.0009717966755202797
MIMAT0003248,0.0009708967253811401
MIMAT0027433,0.000970244203124936
MIMAT0030017,0.0009683482768392032
MIMAT0019949,0.0009641586273684413
MIMAT0025450,0.0009627796458066149
MIMAT0025844,0.0009602548581233473
MIMAT0031120,0.0009599146334898789
MIMAT0002816,0.0009586427923780537
MIMAT0016884,0.0009560527303800157
MIMAT0019749,0.0009539527009849229
MIMAT0031016,0.0009528640099900357
MIMAT0022838,0.000950863907719831
MIMAT0017982,0.0009507523327734488
MIMAT0019862,0.0009502301786852694
MIMAT0005899,0.0009467870436760252
MIMAT0027681,0.0009418973677674124
MIMAT0000759,0.0009400527946478257
MIMAT0019021,0.0009387529247461333
MIMAT0003340,0.0009362087914258507
MIMAT0027489,0.0009353901324056407
MIMAT0027369,0.0009349979767417294
MIMAT0030431,0.0009346074145524153
MIMAT0000437,0.0009329987460698853
MIMAT0019792,0.0009287752468787088
MIMAT0019849,0.0009272909422128958
MIMAT0018205,0.0009265658237750155
MIMAT0001629,0.0009264667307017238
MIMAT0027502,0.000926349870238358
MIMAT0002177,0.0009261405783549232
MIMAT0027392,0.0009258370800058511
MIMAT0019006,0.0009244815043870287
MIMAT0009451,0.0009240522042272037
MIMAT0015079,0.0009231967295355932
MIMAT0019810,0.0009223212305239637
MIMAT0011775,0.00092137113548135
MIMAT0004919,0.0009206032853567159
MIMAT0023696,0.0009186910931762384
MIMAT0027511,0.000917014291032341
MIMAT0019957,0.0009165539861115948
MIMAT0019017,0.0009156567957100853
MIMAT0019721,0.0009139351338064714
MIMAT0019947,0.0009131944177382678
MIMAT0027630,0.0009100083369687747
MIMAT0027382,0.0009060454841935534
MIMAT0019044,0.0009057642036253753
MIMAT0007889,0.0009041340856743238
MIMAT0019022,0.0009032335411716033
MIMAT0025479,0.0009005617239129219
MIMAT0022939,0.0008988892931254462
MIMAT0002877,0.0008974191202602596
MIMAT0018999,0.0008963105910697839
MIMAT0019229,0.0008963069796057969
MIMAT0031119,0.0008954604445780607
MIMAT0027384,0.0008952556446373242
MIMAT0018997,0.0008899402293722403
MIMAT0024618,0.0008894365403526753
MIMAT0016915,0.000888939257387977
MIMAT0022272,0.0008885770820828445
MIMAT0027445,0.000883056544894343
MIMAT0027663,0.0008821082632127375
MIMAT0015036,0.0008801645438108578
MIMAT0026739,0.0008789447025536627
MIMAT0000426,0.0008767996662738106
MIMAT0019922,0.0008741683364687393
MIMAT0003948,0.0008739652750159678
MIMAT0027487,0.0008729743643037035
MIMAT0027400,0.0008719779050401181
MIMAT0019888,0.0008713982808357555
MIMAT0005881,0.0008710250271113018
MIMAT0027477,0.0008685920167249262
MIMAT0026916,0.000868133282680129
MIMAT0027510,0.0008654391475443168
MIMAT0027674,0.0008609198879543083
MIMAT0027492,0.0008604062651419074
MIMAT0027578,0.0008602703211631382
MIMAT0002847,0.0008600784701451577
MIMAT0019883,0.0008591143656716703
MIMAT0027577,0.0008590902069241804
MIMAT0018004,0.0008580755495858583
MIMAT0026744,0.0008566685028637828
MIMAT0004778,0.0008565275134373668
MIMAT0003330,0.0008559541840733388
MIMAT0027551,0.0008555567968973847
MIMAT0026717,0.0008529224974473477
MIMAT0002174,0.0008509365640337993
MIMAT0019072,0.0008503860108262162
MIMAT0005891,0.0008496462373249864
MIMAT0000461,0.0008492050860346262
MIMAT0024782,0.0008483877711596356
MIMAT0010313,0.0008483367342895265
MIMAT0004609,0.0008473133402453219
MIMAT0024599,0.0008465114516807101
MIMAT0018985,0.0008454621993554594
MIMAT0025485,0.0008451340536552317
MIMAT0003280,0.0008441084218244025
MIMAT0027426,0.000843394235157277
MIMAT0019923,0.000843172651672953
MIMAT0019209,0.000842362449514191
MIMAT0019051,0.0008423532672813215
MIMAT0003240,0.0008414299237610987
MIMAT0014990,0.0008412347564932726
MIMAT0011778,0.0008401665052892103
MIMAT0027506,0.0008383346778639577
MIMAT0002815,0.0008351539389383107
MIMAT0027027,0.0008347321760758128
MIMAT0003337,0.0008323870521687233
MIMAT0007888,0.0008315652202620397
MIMAT0019001,0.00083122684310078
MIMAT0027507,0.0008304283378852179
MIMAT0027672,0.0008302684187123355
MIMAT0027423,0.0008284678131983508
MIMAT0027559,0.000827841731201707
MIMAT0022294,0.0008242621536775821
MIMAT0023698,0.000823832226472729
MIMAT0015024,0.0008230580694051722
MIMAT0005929,0.0008211340704383598
MIMAT0000228,0.0008203794421801233
MIMAT0019723,0.0008189903560593605
MIMAT0015032,0.0008173841161018576
MIMAT0005932,0.0008169415503537199
MIMAT0019218,0.0008153219278652438
MIMAT0000716,0.0008128345320285938
MIMAT0005577,0.0008120842419198088
MIMAT0019940,0.0008117393475010555
MIMAT0004970,0.000810682773773089
MIMAT0027373,0.0008032081498799909
MIMAT0019844,0.0008024200583795765
MIMAT0023252,0.0008023464189389275
MIMAT0019014,0.0008012454700911331
MIMAT0024613,0.000801185618617389
MIMAT0019884,0.00080109820472538
MIMAT0027359,0.0007996508155610264
MIMAT0027481,0.0007995756578084599
MIMAT0027524,0.000799098645988231
MIMAT0027389,0.0007979974130902195
MIMAT0022833,0.0007978884540298231
MIMAT0004486,0.0007973373608723501
MIMAT0027415,0.0007969669580534708
MIMAT0027401,0.0007967314311930568
MIMAT0019061,0.0007928638184604027
MIMAT0019842,0.0007920538434253355
MIMAT0004751,0.0007917130650974478
MIMAT0018966,0.0007911129367024454
MIMAT0026627,0.0007906038129178341
MIMAT0019881,0.0007900985508980684
MIMAT0022475,0.000789908519230406
MIMAT0027540,0.0007896197285988278
MIMAT0027103,0.0007887916845727255
MIMAT0019855,0.0007857913784743742
MIMAT0026721,0.0007844123898929533
MIMAT0028111,0.0007804729638740751
MIMAT0027420,0.0007804059738780891
MIMAT0019756,0.0007783116461514004
MIMAT0022945,0.0007755754299597583
MIMAT0020956,0.0007711614018080526
MIMAT0000731,0.0007704729965594701
MIMAT0015069,0.0007703051165260443
MIMAT0003335,0.0007668126931370768
MIMAT0019892,0.0007659436835132838
MIMAT0030430,0.0007646680305238598
MIMAT0002891,0.0007637503534637936
MIMAT0015057,0.0007622014356191392
MIMAT0027355,0.0007614097600261556
MIMAT0025470,0.0007611967272839423
MIMAT0022290,0.0007589503341970344
MIMAT0002871,0.000757192489143412
MIMAT0023714,0.0007559753891363617
MIMAT0019985,0.0007558601577453351
MIMAT0015017,0.000751584453776056
MIMAT0005901,0.0007504913437264915
MIMAT0024615,0.0007496457687500554
MIMAT0019902,0.0007484541904237724
MIMAT0016891,0.0007458139761268093
MIMAT0004907,0.000745795390514516
MIMAT0018445,0.0007457621470927318
MIMAT0018934,0.0007447751656878258
MIMAT0019222,0.0007435710430922119
MIMAT0002836,0.000741834116566737
MIMAT0005826,0.0007417693369147206
MIMAT0003306,0.0007414472321235899
MIMAT0031010,0.0007405826765596893
MIMAT0005950,0.0007403991189473258
MIMAT0027581,0.0007399116347569957
MIMAT0025466,0.0007381125432852706
MIMAT0004802,0.0007363269736390038
MIMAT0018352,0.0007356140500314226
MIMAT0027638,0.0007353237257417584
MIMAT0019954,0.0007338425471418413
MIMAT0026554,0.0007331089450398294
MIMAT0019755,0.0007326773145509811
MIMAT0003881,0.0007318069644398745
MIMAT0019885,0.0007281326549839836
MIMAT0030982,0.0007276890397650711
MIMAT0002813,0.0007271744684455176
MIMAT0028122,0.0007263044721812467
MIMAT0027561,0.0007262237255417996
MIMAT0019919,0.0007256416002770746
MIMAT0000265,0.0007251350465186468
MIMAT0000457,0.0007233737197523401
MIMAT0019767,0.000722329604223551
MIMAT0019043,0.0007222929493591646
MIMAT0022499,0.0007212558913399824
MIMAT0018005,0.0007207714984012926
MIMAT0000732,0.000720038253184499
MIMAT0024617,0.000719136597511981
MIMAT0027597,0.000719032135066863
MIMAT0005789,0.0007186931736372445
MIMAT0024597,0.000717560560203983
MIMAT0023710,0.0007169775810221296
MIMAT0027633,0.0007163700796215191
MIMAT0004482,0.0007157646779942551
MIMAT0016859,0.0007147423787820417
MIMAT0027550,0.0007142826872700089
MIMAT0016925,0.0007138441401692204
MIMAT0000450,0.0007120323984950652
MIMAT0015377,0.0007101734108117674
MIMAT0018927,0.0007098573597409277
MIMAT0000723,0.0007088628762541805
MIMAT0027563,0.0007082349299925211
MIMAT0015035,0.0007065740134255413
MIMAT0018105,0.0007060302984882507
MIMAT0025475,0.0007054839899335361
MIMAT0027473,0.0007031295793370329
MIMAT0027555,0.0007028291952465743
MIMAT0016876,0.0007024772110568894
MIMAT0016860,0.0007015504552984748
MIMAT0000440,0.0007009637750254966
MIMAT0018350,0.000700756065414991
MIMAT0018104,0.0007001251096721664
MIMAT0006764,0.0007000604125937241
MIMAT0003882,0.0006981047198667788
MIMAT0000418,0.0006970084714769597
MIMAT0027554,0.0006969589353497236
MIMAT0019231,0.0006962669450811446
MIMAT0005953,0.0006953809534505251
MIMAT0004687,0.0006934965804245699
MIMAT0000267,0.0006923034971234819
MIMAT0027424,0.0006916741886580195
MIMAT0019045,0.0006902831416444683
MIMAT0022258,0.0006886523781526092
MIMAT0004694,0.0006866923927987201
MIMAT0027565,0.0006836081243706089
MIMAT0017994,0.0006833509271414892
MIMAT0027466,0.0006826864467622184
MIMAT0022844,0.0006803498826149126
MIMAT0019794,0.0006797973030114565
MIMAT0027606,0.0006783732635414412
MIMAT0019815,0.000678037409011865
MIMAT0027689,0.0006776154556090406
MIMAT0022489,0.0006772439076089667
MIMAT0003215,0.0006772213133558742
MIMAT0030984,0.0006759450311648632
MIMAT0005589,0.000675485212097571
MIMAT0000242,0.0006754092046457907
MIMAT0014989,0.000674352684463469
MIMAT0023693,0.0006740078680590366
MIMAT0000462,0.0006704212720835391
MIMAT0014999,0.0006691207113776726
MIMAT0003336,0.0006668140889551791
MIMAT0000430,0.0006654326976271058
MIMAT0016850,0.0006591268549099874
MIMAT0019216,0.0006581046066677604
MIMAT0005592,0.0006527014580124324
MIMAT0000253,0.0006526718234555851
MIMAT0000682,0.0006524198644147436
MIMAT0004757,0.0006512365077034994
MIMAT0027458,0.0006499121813771266
MIMAT0004489,0.0006487929084257746
MIMAT0000690,0.0006477411497033433
MIMAT0021119,0.0006475432678648542
MIMAT0002176,0.000646624728854103
MIMAT0018103,0.0006457091780216298
MIMAT0003230,0.000643908055378882
MIMAT0002827,0.0006425800831396267
MIMAT0002825,0.000641803969864959
MIMAT0019894,0.0006414142087979867
MIMAT0004983,0.0006406174852131355
MIMAT0019032,0.000639782412977392
MIMAT0027444,0.0006395909240820428
MIMAT0027626,0.0006393867840513038
MIMAT0027088,0.0006387946608089209
MIMAT0005943,0.0006387651652296097
MIMAT0000738,0.0006380045075956304
MIMAT0004916,0.0006363899500094314
MIMAT0004925,0.0006357879862049552
MIMAT0031892,0.0006356445236608838
MIMAT0026742,0.000635330298294388
MIMAT0019689,0.0006342462583732772
MIMAT0027668,0.0006322469783688593
MIMAT0016865,0.0006308380999328822
MIMAT0022726,0.0006302154602890252
MIMAT0018079,0.0006301170244467661
MIMAT0021126,0.0006290481258947075
MIMAT0022286,0.0006286256824191897
MIMAT0015027,0.0006277951277101679
MIMAT0030997,0.0006252199633060186
MIMAT0027588,0.0006249588937048977
MIMAT0004517,0.0006239556615414476
MIMAT0002855,0.0006232340537886495
MIMAT0027618,0.0006232262518478499
MIMAT0000271,0.0006231222011889708
MIMAT0021042,0.0006226963135423175
MIMAT0023116,0.0006220762844418251
MIMAT0019904,0.0006209225576316014
MIMAT0000685,0.0006200564178260056
MIMAT0025858,0.000617806519562073
MIMAT0018000,0.0006165327343724232
MIMAT0018929,0.0006133038511147963
MIMAT0005582,0.0006126901832070379
MIMAT0005872,0.0006126829268292683
MIMAT0027562,0.0006121321932483139
MIMAT0003887,0.0006114081883370993
MIMAT0004761,0.0006104592837396935
MIMAT0004959,0.0006101454035201246
MIMAT0027670,0.0006059066680162402
MIMAT0000069,0.0006058351169387791
MIMAT0030424,0.0006039059393952013
MIMAT0027585,0.000603228271806391
MIMAT0022479,0.0006029189444685664
MIMAT0027675,0.0006025986869582355
MIMAT0019783,0.0006021812008875443
MIMAT0021130,0.0006010005439229183
MIMAT0019774,0.0005989723167586336
MIMAT0030420,0.0005988796210183678
MIMAT0002874,0.0005984491933578916
MIMAT0018089,0.0005977247979413666
MIMAT0019763,0.0005964392472296139
MIMAT0030425,0.0005958431746343238
MIMAT0019838,0.0005956669780546532
MIMAT0019903,0.0005931580707651689
MIMAT0019839,0.0005914116656545837
MIMAT0019002,0.0005902168424110197
MIMAT0022694,0.0005895950781848633
MIMAT0003311,0.0005892207609221852
MIMAT0022924,0.0005885053375368082
MIMAT0015049,0.0005877795517673087
MIMAT0019035,0.000587692302235546
MIMAT0030429,0.0005876086558558993
MIMAT0004597,0.0005861633739341147
MIMAT0019780,0.0005858408330068665
MIMAT0019226,0.0005854429613828109
MIMAT0019211,0.0005853907377810845
MIMAT0017352,0.0005847955411019634
MIMAT0016918,0.0005845325383165931
MIMAT0015038,0.0005839553773438065
MIMAT0027443,0.0005835075493612078
MIMAT0000080,0.0005831956354454339
MIMAT0003322,0.0005828806946263007
MIMAT0021034,0.0005827219652460762
MIMAT0019836,0.0005825974525687168
MIMAT0005827,0.0005820559943686751
MIMAT0019817,0.0005818828371961187
MIMAT0027525,0.0005787855105062175
MIMAT0027691,0.000578696440346231
MIMAT0000255,0.0005784221899146893
MIMAT0003270,0.0005782413440431013
MIMAT0018101,0.0005776218281630982
"MIMAT0002831, MIMAT0005449, MIMAT0005450, MIMAT0005451, MIMAT0005452, MIMAT0005454",0.0005774583595595196
MIMAT0003214,0.0005771516928275046
MIMAT0016898,0.0005769353363911987
MIMAT0015043,0.000576916861749982
MIMAT0004610,0.0005763638884378146
MIMAT0019064,0.0005759886048100984
MIMAT0022276,0.0005752910810218601
MIMAT0027560,0.0005750154151532129
MIMAT0027610,0.0005744402691489335
MIMAT0019710,0.0005730316374081441
MIMAT0027438,0.0005726745951363232
MIMAT0022735,0.0005705500844777288
MIMAT0022947,0.0005664740504241808
MIMAT0004971,0.0005658745172774668
MIMAT0015081,0.0005655197603713776
MIMAT0019738,0.0005651526696586256
MIMAT0004543,0.0005623288327833776
MIMAT0004957,0.0005622968960449312
MIMAT0027372,0.0005608803329351371
MIMAT0018184,0.0005598670794459179
MIMAT0004494,0.0005597993504822507
MIMAT0018973,0.0005584692497156295
MIMAT0011163,0.0005583323379336114
MIMAT0002171,0.0005582404504818298
MIMAT0016921,0.0005579246624022741
MIMAT0027574,0.0005575824858681058
MIMAT0019775,0.0005566436153779702
MIMAT0027602,0.0005542871498409798
MIMAT0010364,0.000553887222576506
MIMAT0019200,0.0005534644517715654
MIMAT0022275,0.0005527485919822805
MIMAT0000452,0.0005522961255540169
MIMAT0027430,0.0005515587696797833
MIMAT0004792,0.0005507056386500068
MIMAT0027650,0.000549945846766061
MIMAT0003945,0.000548401160961327
MIMAT0027482,0.0005472797397872145
MIMAT0019714,0.000545803382902897
MIMAT0028125,0.0005457496311912771
MIMAT0018179,0.0005453689529303093
MIMAT0027032,0.0005443534674635253
MIMAT0002864,0.0005442081646753344
MIMAT0018939,0.0005433865575388672
MIMAT0027634,0.0005418464193270062
MIMAT0019953,0.0005413342858679928
MIMAT0014986,0.000541229348150535
MIMAT0003272,0.0005394220420482848
MIMAT0004978,0.0005383904986176
MIMAT0027514,0.0005362956955797564
MIMAT0003256,0.0005354086653957625
MIMAT0027496,0.0005352825978508542
MIMAT0019078,0.0005341456400825149
MIMAT0003253,0.000533961299029211
MIMAT0016911,0.0005329472481023507
MIMAT0031002,0.0005325676252948121
MIMAT0016849,0.0005318559124496687
MIMAT0025853,0.0005312568685164172
MIMAT0001639,0.0005301394047371597
MIMAT0019760,0.0005294731586445793
MIMAT0019707,0.0005289798221975704
MIMAT0028115,0.0005285660528579247
MIMAT0002822,0.0005285586727672841
MIMAT0027586,0.0005283470346743266
MIMAT0005863,0.0005278796023680335
MIMAT0019863,0.0005276192697978015
MIMAT0027637,0.0005266188676509299
MIMAT0000445,0.0005261560868910244
MIMAT0022732,0.0005259462460377774
MIMAT0022979,0.0005248144164150867
MIMAT0004185,0.0005245268356824261
MIMAT0004982,0.0005238153054100718
MIMAT0027519,0.0005232937465332222
MIMAT0016906,0.0005227565491536631
MIMAT0028220,0.0005222373301658748
MIMAT0028213,0.0005216322598860509
MIMAT0027600,0.0005214062957888415
MIMAT0022943,0.0005210113312709172
MIMAT0001541,0.0005191766278703994
MIMAT0025478,0.0005189919211637923
MIMAT0027386,0.0005176803620878953
MIMAT0005583,0.0005169519207591559
MIMAT0027625,0.0005167035753737377
MIMAT0025455,0.0005158689523729279
MIMAT0019910,0.0005157296762020401
MIMAT0000083,0.000515274419676564
MIMAT0018944,0.0005134745249627422
MIMAT0019899,0.0005129365358856644
MIMAT0030422,0.0005124792332942808
MIMAT0027641,0.0005120751925544187
MIMAT0018002,0.0005117924570386371
MIMAT0016882,0.0005111181130810586
MIMAT0003326,0.0005110933914258005
MIMAT0004677,0.0005085870012340601
MIMAT0019807,0.0005084156814742159
"MIMAT0002860, MIMAT0006778",0.0005077716121951599
MIMAT0001343,0.0005068603712671508
MIMAT0027356,0.0005066899826779996
MIMAT0011777,0.0005054711429882059
MIMAT0022264,0.0005053497571297151
MIMAT0027621,0.0005049556554028677
MIMAT0004693,0.000503583108347896
MIMAT0003282,0.0005029683165732324
MIMAT0019880,0.0005023153598618629
MIMAT0026475,0.0005022449726956369
MIMAT0028219,0.0005014833785465568
MIMAT0027381,0.0005003458426506692
MIMAT0028226,0.0004991229629945313
MIMAT0018980,0.0004987159146941035
MIMAT0028118,0.0004968063706956715
MIMAT0019725,0.0004967978579391622
MIMAT0005865,0.0004967297942765006
MIMAT0019959,0.0004965257130307981
MIMAT0019789,0.0004955938766716642
MIMAT0019870,0.0004945676631308261
MIMAT0027436,0.0004932991704873058
MIMAT0014997,0.0004930784461447791
MIMAT0003332,0.0004925501334076812
MIMAT0027475,0.0004925175222110087
MIMAT0032110,0.0004919718631988297
MIMAT0027665,0.00048808184795264204
MIMAT0022271,0.0004879421555990951
MIMAT0019028,0.0004851624313598423
MIMAT0027673,0.00048473818298446576
MIMAT0019722,0.0004841232250870806
MIMAT0018065,0.00048409537057571934
MIMAT0027409,0.0004830379160418728
MIMAT0019915,0.0004829920214978618
MIMAT0018164,0.0004808289302672738
MIMAT0015055,0.00048024612708813676
MIMAT0027376,0.00047996506168795726
MIMAT0022929,0.0004798227086533538
MIMAT0018165,0.00047962182744791445
MIMAT0031011,0.0004785005187700435
MIMAT0017392,0.0004783747871798595
MIMAT0000245,0.00047823750311654025
MIMAT0027402,0.000476913776252893
MIMAT0018938,0.00047655812985152783
MIMAT0000436,0.00047538618620492345
MIMAT0019889,0.0004745944358995678
MIMAT0021123,0.00047354699463133236
MIMAT0000070,0.00047256621947024417
MIMAT0027616,0.0004717705883086409
MIMAT0018932,0.00047169469394772116
MIMAT0019233,0.00047060588593444334
MIMAT0027628,0.00047042798498675274
MIMAT0014983,0.00046958870692204933
MIMAT0019956,0.00046819852311880903
MIMAT0000257,0.000467431936220186
MIMAT0002834,0.0004666419051034437
MIMAT0005873,0.00046579906049276203
MIMAT0005922,0.00046513551218969505
MIMAT0027418,0.0004641017937668173
MIMAT0019688,0.00046383644384305326
MIMAT0004918,0.0004633658902329257
MIMAT0027622,0.00046274184175798636
MIMAT0030426,0.00046169978017450333
MIMAT0019942,0.00046158900768207144
MIMAT0015073,0.00046083018157902603
MIMAT0004284,0.0004590429654831205
MIMAT0027508,0.000458172605818677
MIMAT0007882,0.00045777038154176837
MIMAT0027558,0.00045759879030251514
MIMAT0020300,0.0004574352491459359
MIMAT0001635,0.00045694882367208344
MIMAT0005878,0.00045693332057727715
MIMAT0004948,0.000456523587695948
MIMAT0004513,0.0004565222265410396
MIMAT0014987,0.0004543976774856819
MIMAT0027455,0.00045396345940723387
MIMAT0028221,0.00045377985643131293
"MIMAT0002862, MIMAT0005457",0.0004536229095041801
MIMAT0000434,0.00045309251348971553
MIMAT0005871,0.00045279416537793315
MIMAT0030416,0.00045264516761589957
MIMAT0027470,0.000451916579866452
MIMAT0022257,0.0004519033395615674
MIMAT0018075,0.0004512605732117927
MIMAT0030423,0.0004501333328380315
MIMAT0005572,0.00045000018933258416
MIMAT0003252,0.00044849227922750395
MIMAT0018945,0.0004474583069057721
MIMAT0027405,0.00044745599395536406
MIMAT0003300,0.00044628105989927904
MIMAT0027669,0.0004457210472859394
MIMAT0019337,0.0004443463674099531
MIMAT0009447,0.0004431462078724481
MIMAT0016885,0.0004431166025865252
MIMAT0019809,0.00044290560312047164
MIMAT0019720,0.0004423426400974717
MIMAT0016855,0.0004420469206491373
MIMAT0025487,0.00044115451823362563
MIMAT0003301,0.00043997560880677794
MIMAT0025463,0.00043926505264497013
MIMAT0015089,0.0004390770252113926
MIMAT0028119,0.0004386577924586732
MIMAT0019236,0.0004361002437786726
MIMAT0021033,0.0004359724410526562
MIMAT0019981,0.00043439877580957805
MIMAT0027521,0.0004341266759270912
MIMAT0027041,0.0004327130252585422
MIMAT0004946,0.0004318381764929219
MIMAT0018986,0.0004316169114323275
MIMAT0027474,0.0004315361115834449
MIMAT0003220,0.0004313263477020023
MIMAT0030417,0.0004304917779595822
MIMAT0007890,0.00042763240013087565
MIMAT0004958,0.00042697410671585804
MIMAT0003329,0.00042599668184169546
MIMAT0027547,0.0004253550804285612
MIMAT0018187,0.00042522867145676366
MIMAT0018118,0.0004237166776823089
MIMAT0026734,0.00042250005379137264
MIMAT0003274,0.00042147664269061254
MIMAT0014994,0.00042141568681912866
MIMAT0022966,0.00042010576713217055
MIMAT0002178,0.00041960936592313396
MIMAT0027395,0.00041949991203377906
MIMAT0022481,0.00041884818350230524
MIMAT0027601,0.00041759104318700967
MIMAT0027479,0.00041743915505089234
MIMAT0015041,0.0004167949025596688
MIMAT0019966,0.0004167425069773089
MIMAT0004560,0.00041521694545049886
MIMAT0026474,0.0004148387209000601
MIMAT0019019,0.00041443795851131066
MIMAT0019038,0.00041379007401658966
MIMAT0022295,0.0004127874088766286
MIMAT0019878,0.00041276129762421595
MIMAT0025457,0.0004124969102319392
MIMAT0004911,0.00041239226141823545
MIMAT0027557,0.0004120520992750884
MIMAT0021116,0.00041106030306687144
MIMAT0014995,0.00041098498369862677
MIMAT0019771,0.0004109554884979276
MIMAT0027462,0.00040954595692587213
MIMAT0005876,0.0004094607204441178
MIMAT0005921,0.00040790042164980377
MIMAT0004508,0.0004077972862299197
MIMAT0026735,0.00040584382912851045
MIMAT0019029,0.00040480610561056116
MIMAT0019068,0.00040440323462209417
MIMAT0019938,0.0004042383417792955
MIMAT0000726,0.0004032491846107434
MIMAT0000261,0.0004011520473574045
MIMAT0031095,0.0004008396362773763
MIMAT0019852,0.0004006194321405564
MIMAT0000268,0.00040061287240774414
MIMAT0026639,0.0003999940801314221
MIMAT0002846,0.0003999608282412068
MIMAT0022702,0.0003997860414657667
MIMAT0018353,0.0003995877514298567
MIMAT0019813,0.00039709448160535126
MIMAT0005588,0.00039665086404394264
MIMAT0019945,0.00039525699923432877
MIMAT0015018,0.00039433829986534777
MIMAT0019811,0.00039410686959521205
MIMAT0027664,0.0003914462137598663
MIMAT0002819,0.0003910501163661586
MIMAT0027494,0.000390547263681592
MIMAT0027568,0.00038882627986623744
MIMAT0015014,0.00038824390897410126
MIMAT0003884,0.0003877045580538101
MIMAT0019081,0.0003875342293595088
MIMAT0027441,0.00038673975679067525
MIMAT0026622,0.00038617933048925814
MIMAT0018082,0.0003858476025532101
MIMAT0016857,0.00038578128681267406
MIMAT0005867,0.0003842674152446286
MIMAT0000417,0.00038313404075599177
MIMAT0027428,0.0003826334531752265
MIMAT0003313,0.0003822750278995841
MIMAT0025454,0.00038217670613314926
MIMAT0019853,0.0003815278303685562
MIMAT0022725,0.0003812160062160063
MIMAT0015065,0.00038102671783374396
MIMAT0004676,0.00037982391306334596
MIMAT0027607,0.0003797479694218825
MIMAT0018068,0.0003796873965039392
MIMAT0004614,0.0003791655117539118
MIMAT0003226,0.0003783184622163473
MIMAT0004926,0.0003783018583777596
MIMAT0000760,0.00037697168106228267
MIMAT0016901,0.0003767532160385791
MIMAT0031180,0.0003766515871123849
MIMAT0000757,0.00037599950493412957
MIMAT0025467,0.00037532767276743167
MIMAT0027416,0.00037453049501242263
MIMAT0027385,0.00037405227056045066
MIMAT0022710,0.00037346149344910824
MIMAT0000752,0.00037233874201974887
MIMAT0018957,0.00037177095292766934
MIMAT0000318,0.0003717530801834299
MIMAT0027469,0.00037129055200264214
MIMAT0016873,0.00037123236655849866
MIMAT0002170,0.0003700193103585783
MIMAT0019854,0.0003690573489745282
MIMAT0005824,0.0003679231075476677
MIMAT0005924,0.0003677970242939515
MIMAT0025852,0.0003667952925306528
MIMAT0004696,0.0003659729021392675
MIMAT0004776,0.0003659500748090401
MIMAT0016858,0.00036575288747245783
MIMAT0027608,0.00036527198346754803
MIMAT0000754,0.000364596980122099
MIMAT0030411,0.00036440088372561284
MIMAT0004811,0.00036382632967958873
MIMAT0000269,0.000363415717351605
MIMAT0000728,0.0003632699101015473
MIMAT0000762,0.0003621796344598216
"MIMAT0000710, MIMAT0022834",0.000361936475409836
MIMAT0001413,0.00036191392995190466
MIMAT0004949,0.00036144597709839385
MIMAT0018191,0.00036103067209089447
MIMAT0004552,0.00036094469136933866
MIMAT0018194,0.00036057556415425816
MIMAT0016870,0.00036019004854195234
MIMAT0004794,0.00036003469367439973
MIMAT0004590,0.0003594322344322345
MIMAT0005892,0.00035899943306718583
MIMAT0027448,0.00035757414284484055
MIMAT0019739,0.00035584465565703855
MIMAT0019799,0.0003557749700896813
MIMAT0007400,0.00035505345027748514
MIMAT0019896,0.00035501191999865746
MIMAT0021039,0.0003548576411268752
MIMAT0027654,0.00035445660817906235
MIMAT0020601,0.0003537959762758149
MIMAT0019358,0.00035338222928215377
MIMAT0019361,0.0003533111073065057
MIMAT0027685,0.000349982391428625
MIMAT0025458,0.0003491371642056574
MIMAT0027390,0.00034901631572373736
MIMAT0019982,0.00034787870318495924
MIMAT0016875,0.0003477675318030085
MIMAT0000088,0.0003470736723237791
MIMAT0004602,0.0003465285581419055
MIMAT0019950,0.00034652296405188296
MIMAT0021037,0.0003464989035392426
MIMAT0000091,0.0003461262883283421
MIMAT0022302,0.0003450616916672472
MIMAT0027460,0.0003439462040719456
MIMAT0002868,0.0003438142716159957
MIMAT0023708,0.000342716693366097
MIMAT0030413,0.0003422119455102498
MIMAT0028222,0.0003408537444556083
MIMAT0016846,0.00034004764998917046
MIMAT0002824,0.0003400329203846487
MIMAT0004986,0.0003395244442458724
MIMAT0004808,0.0003391400664628364
MIMAT0022842,0.00033808105735234814
MIMAT0027388,0.00033748320644872375
MIMAT0016879,0.0003373170582921557
MIMAT0027527,0.00033693123716828615
MIMAT0016892,0.0003367258465546422
MIMAT0004819,0.0003361252649031305
MIMAT0003286,0.00033596233797994626
MIMAT0027646,0.0003354096149866145
MIMAT0019983,0.00033488811363617033
MIMAT0000455,0.000334743781203088
MIMAT0019023,0.0003342414240067524
MIMAT0027422,0.00033366498849418826
MIMAT0022291,0.00033329170829170837
MIMAT0016881,0.0003332353709508882
MIMAT0014981,0.0003331918505942276
MIMAT0023703,0.00033228389850382267
MIMAT0004496,0.00033174728144908785
MIMAT0021026,0.0003314562869003636
MIMAT0027505,0.0003313909357379718
MIMAT0018099,0.00033111333111333116
MIMAT0027613,0.00033086658527755485
MIMAT0027526,0.00032954743396100566
MIMAT0027408,0.00032882466361998543
MIMAT0028120,0.0003274953218433231
MIMAT0004701,0.0003271833856125629
MIMAT0018200,0.0003265601521981483
MIMAT0005591,0.0003256101204154794
MIMAT0027357,0.0003255281429743334
MIMAT0027442,0.00032491679784422007
MIMAT0007891,0.000324654437173737
MIMAT0027576,0.00032407708537068067
MIMAT0007886,0.000324067057021602
MIMAT0030019,0.00032381326642193204
MIMAT0027361,0.0003237944287719405
MIMAT0004497,0.00032373461951692723
MIMAT0027532,0.00032354251841589356
MIMAT0015048,0.0003233332948632224
MIMAT0027516,0.000323314342477429
MIMAT0003264,0.000323255982500527
MIMAT0031181,0.00032212462228335014
MIMAT0027513,0.00032208862566005436
MIMAT0026472,0.00032134925751947023
MIMAT0022948,0.0003212012527783394
MIMAT0019812,0.00032081554808827546
MIMAT0019235,0.0003199946934886696
MIMAT0015021,0.00031917946604479114
MIMAT0004773,0.00031910783993751495
MIMAT0022270,0.0003191056910569105
MIMAT0020602,0.0003172627538299181
MIMAT0027522,0.00031704149239324705
MIMAT0031890,0.00031570639116728895
MIMAT0002849,0.00031529858452935405
MIMAT0015070,0.0003148580327789303
MIMAT0025469,0.0003138329092592393
MIMAT0018992,0.00031243781094527354
MIMAT0026718,0.00031113855950812465
MIMAT0000227,0.0003108987013698159
MIMAT0021128,0.0003107827766956467
MIMAT0005951,0.0003104788450971915
MIMAT0021127,0.0003103293852402058
MIMAT0019059,0.00031016978382321576
MIMAT0027666,0.00031008437873357225
MIMAT0019715,0.0003098917211820437
MIMAT0026743,0.00030943582163094345
MIMAT0026476,0.00030935960591133
MIMAT0005895,0.00030813193196512064
MIMAT0018936,0.0003073016071737299
MIMAT0025854,0.00030714791788440766
MIMAT0016920,0.0003070873112340061
MIMAT0018994,0.000306878977464716
MIMAT0000272,0.00030594589491854553
MIMAT0003291,0.0003055474184462549
MIMAT0025481,0.0003053743491531509
MIMAT0002807,0.0003049270651634573
MIMAT0027596,0.00030487987626116495
MIMAT0019010,0.0003045353133750531
MIMAT0027432,0.000304534613063594
MIMAT0022498,0.0003043579404466502
MIMAT0007884,0.00030374917167505554
MIMAT0027605,0.00030344924091727166
MIMAT0026484,0.00030305703848193966
MIMAT0004976,0.0003027277572309156
MIMAT0004501,0.00030246405238544403
MIMAT0023709,0.0003018432114690028
MIMAT0028230,0.0003009290358428288
MIMAT0019764,0.00030069202857891004
MIMAT0004675,0.0002996082275581425
MIMAT0026616,0.00029956529869594613
MIMAT0000279,0.0002994432139467621
MIMAT0004566,0.0002982806117602355
MIMAT0019718,0.00029760989010989015
MIMAT0016889,0.0002953713479987374
MIMAT0021043,0.0002946897822674219
MIMAT0022284,0.0002944401822135196
MIMAT0019976,0.0002940809190809192
MIMAT0000093,0.00029406616798591375
MIMAT0018965,0.0002933423153185216
MIMAT0023695,0.00029308542413381125
MIMAT0027545,0.0002929185439066862
MIMAT0024598,0.0002917050549720528
MIMAT0013771,0.00029082919479870884
MIMAT0018983,0.0002905733983090953
MIMAT0023700,0.00028982489676316226
MIMAT0019821,0.0002896703735434053
MIMAT0004561,0.0002885892665523921
MIMAT0027396,0.00028801459824599263
MIMAT0007347,0.00028709508881922673
MIMAT0022487,0.0002869516846789574
MIMAT0027603,0.00028630222128337194
MIMAT0027592,0.00028609778244281163
MIMAT0019826,0.0002857568592680165
MIMAT0025849,0.0002856889684978117
MIMAT0023711,0.0002851188501472443
MIMAT0016894,0.0002844821337972023
MIMAT0017999,0.0002837194851881953
MIMAT0004987,0.00028139064184014957
MIMAT0023715,0.0002812360053739364
MIMAT0027425,0.00028014432406851553
MIMAT0025848,0.00028007730162851524
MIMAT0018351,0.0002791741843534073
MIMAT0019697,0.0002784295536396376
MIMAT0021124,0.0002774668630338732
MIMAT0015071,0.0002769246545829723
MIMAT0027623,0.0002765415993274552
MIMAT0018950,0.0002763320652326188
MIMAT0000263,0.0002756927754836485
MIMAT0027548,0.000274948515861953
MIMAT0003218,0.0002724122178240031
MIMAT0004600,0.00027238929279577005
MIMAT0030980,0.00027158737307566314
MIMAT0027686,0.00027037159092803094
MIMAT0027463,0.0002701146328147946
MIMAT0027472,0.0002688226994963728
MIMAT0027377,0.00026782841424755066
MIMAT0019213,0.0002677759248029109
MIMAT0018206,0.00026771504357711264
MIMAT0005942,0.0002672544006503727
MIMAT0025477,0.0002670310232220609
MIMAT0004692,0.0002662058171383852
MIMAT0027624,0.000266131848812593
MIMAT0004814,0.00026552573757032493
MIMAT0001636,0.00026535327826263756
MIMAT0018085,0.000265213686163389
MIMAT0030998,0.0002636174628524325
MIMAT0019820,0.0002606871150827196
MIMAT0013802,0.0002604374718722918
MIMAT0019917,0.0002603648424543948
MIMAT0015087,0.0002601809392579241
MIMAT0026637,0.0002596948258198968
MIMAT0019003,0.00025958852533929924
MIMAT0021019,0.0002594183740912096
MIMAT0004598,0.00025741237624639146
MIMAT0015045,0.00025711860334385076
MIMAT0019698,0.0002555219716345035
MIMAT0004770,0.00025534090447773317
MIMAT0000071,0.0002549414006585387
MIMAT0019053,0.000253860457595602
MIMAT0016878,0.0002537257406903398
MIMAT0028112,0.0002534103925856502
MIMAT0021121,0.00025320431202784143
MIMAT0028235,0.0002528912366213048
MIMAT0002844,0.00025287738831337634
MIMAT0005791,0.0002527231378695838
MIMAT0022713,0.00025214518423346947
MIMAT0027591,0.00025208249038233065
MIMAT0004698,0.00025204213805065474
MIMAT0025471,0.0002514811149274038
MIMAT0019000,0.00025122091836387927
MIMAT0027598,0.00025107097766828665
MIMAT0022946,0.0002505025378159707
MIMAT0019027,0.0002504354378944946
MIMAT0027615,0.0002502155744368593
MIMAT0003312,0.00024977726867761235
MIMAT0018984,0.0002491227429092614
MIMAT0019225,0.00024895739181453476
MIMAT0003271,0.00024799803520749
MIMAT0027446,0.0002477289836312394
MIMAT0019850,0.00024727692960209934
MIMAT0004764,0.00024686279837378736
MIMAT0015078,0.00024630792910995897
MIMAT0003323,0.00024604936659266023
MIMAT0016886,0.0002450368499012736
MIMAT0003319,0.00024368287080151496
MIMAT0003333,0.00024357615001631235
MIMAT0003259,0.0002428836633663366
MIMAT0003164,0.00024240365612648228
MIMAT0022719,0.00024225279670824233
MIMAT0000771,0.00024221328619245062
MIMAT0019808,0.0002420419087085754
MIMAT0018109,0.00024195623121320723
MIMAT0002820,0.00024122382177093411
MIMAT0019758,0.00024038747313092593
MIMAT0025460,0.0002403302308307128
MIMAT0015067,0.0002400792968598899
MIMAT0027595,0.0002398981324278439
MIMAT0027364,0.0002398573028548355
MIMAT0003324,0.00023896499238964996
MIMAT0009198,0.00023867436910915172
MIMAT0019717,0.00023866490416391272
MIMAT0004686,0.00023744311244311252
MIMAT0004518,0.0002373159096044881
MIMAT0003276,0.00023723676588112194
MIMAT0022296,0.0002365104428416844
MIMAT0025476,0.0002361915018163065
MIMAT0027391,0.00023611370659494784
MIMAT0007349,0.00023582330445014974
MIMAT0003263,0.00023522713652163492
MIMAT0000101,0.00023484408985081012
"MIMAT0000232, MIMAT0004563",0.0002347756193910038
MIMAT0000431,0.00023462094071181362
MIMAT0022708,0.00023459052385578597
MIMAT0019357,0.0002345256151333761
MIMAT0023702,0.0002333810658483252
MIMAT0019223,0.0002333217229768954
MIMAT0010195,0.00023295801693287946
MIMAT0016917,0.00023193633027258597
MIMAT0027604,0.0002317264838100698
MIMAT0018954,0.00023135867963454168
MIMAT0019837,0.00023131777463460633
MIMAT0019057,0.0002304065846696058
MIMAT0025846,0.00022997299043995715
MIMAT0022697,0.0002297336845185835
MIMAT0019784,0.0002292582474238001
MIMAT0015029,0.00022893565174561387
MIMAT0026610,0.00022855479127997964
MIMAT0004592,0.00022841249465126227
MIMAT0004762,0.00022653389362681776
MIMAT0002826,0.00022581805106076946
MIMAT0003331,0.0002255877065787383
MIMAT0027417,0.0002255444672170398
MIMAT0018996,0.0002255225030161234
MIMAT0026720,0.00022488540870893817
MIMAT0026559,0.00022479564770205165
MIMAT0000259,0.00022472769297169606
MIMAT0019210,0.00022440405534613237
MIMAT0019777,0.00022365373933661613
MIMAT0015050,0.00022343072851201685
MIMAT0019743,0.00022341252050439093
MIMAT0016864,0.00022338553440649452
MIMAT0027636,0.00022167438997184593
MIMAT0031014,0.00022160109290134992
MIMAT0025474,0.00022083180898468355
MIMAT0027671,0.0002203087128460263
MIMAT0003269,0.00021981406810035837
MIMAT0005797,0.00021966093374728202
MIMAT0019901,0.00021954532742019255
MIMAT0027584,0.00021922907941490188
MIMAT0006767,0.00021920928865373318
MIMAT0003273,0.0002186453984169716
MIMAT0019202,0.00021846207475656354
MIMAT0019906,0.00021720191663998617
MIMAT0016914,0.0002168851088033201
MIMAT0000226,0.00021581744868035192
MIMAT0018941,0.000215807560137457
MIMAT0003261,0.00021562575918559703
MIMAT0026620,0.00021546991655687308
MIMAT0019785,0.00021488260254876867
MIMAT0026741,0.0002142701168249809
MIMAT0030996,0.00021322062084257195
MIMAT0019208,0.00021302578018995928
MIMAT0022705,0.00021245879055209685
MIMAT0026636,0.00021232283890511742
MIMAT0019825,0.0002119737881695613
MIMAT0004928,0.0002117044228694714
MIMAT0002854,0.00021134547107352276
MIMAT0022485,0.00021016111076963004
MIMAT0003266,0.0002099618714038777
MIMAT0031178,0.00020989304812834224
MIMAT0027631,0.00020953865641915024
MIMAT0004549,0.00020951712745560097
MIMAT0019900,0.00020936348167469463
MIMAT0019887,0.00020915695155758284
MIMAT0018964,0.00020876815111434694
MIMAT0016851,0.00020829187396351575
MIMAT0027371,0.00020801863745696452
MIMAT0015066,0.00020692809849436357
MIMAT0018978,0.00020623973727422015
MIMAT0018949,0.00020608532981198518
MIMAT0007883,0.00020606985963784422
MIMAT0028214,0.00020560713240665523
MIMAT0004567,0.00020506792058516194
MIMAT0015084,0.00020473988037279184
MIMAT0003222,0.00020449365027678276
MIMAT0027544,0.00020336387042868136
MIMAT0000772,0.00020334049059477085
MIMAT0004591,0.0002028515910868851
MIMAT0020957,0.00020274615222433057
MIMAT0017981,0.00020250598857564028
MIMAT0022474,0.00020231958762886596
MIMAT0015068,0.00020194965344219075
MIMAT0019858,0.00020138381920123652
MIMAT0019082,0.00020100510188164104
MIMAT0019971,0.00019983097100032584
MIMAT0000075,0.00019966995247315615
MIMAT0016900,0.0001988132711024277
MIMAT0004912,0.00019881327110242767
MIMAT0022480,0.0001987594501404195
MIMAT0005915,0.0001982323232323232
MIMAT0026624,0.0001976520945456835
MIMAT0026605,0.00019586744639376225
MIMAT0004594,0.00019482742681427854
MIMAT0004562,0.00019456378056840714
MIMAT0002853,0.0001939229249011858
MIMAT0021086,0.00019349321448763993
MIMAT0003238,0.00019268532155130094
MIMAT0019965,0.00019216178036370897
MIMAT0019823,0.00019202544031311154
MIMAT0001340,0.00019193600968703424
MIMAT0000714,0.00019171279713448382
MIMAT0026555,0.00019161698784220547
MIMAT0004570,0.00019127680311890842
MIMAT0015060,0.00019052870497883283
MIMAT0021085,0.00018968957327798085
MIMAT0020958,0.00018957396330814054
MIMAT0019969,0.00018930313031395278
MIMAT0022256,0.0001888361473691017
MIMAT0019733,0.0001884120583717358
MIMAT0021120,0.00018821692581796299
MIMAT0000264,0.00018818170921730795
MIMAT0003879,0.00018597488746742482
MIMAT0019360,0.00018597488746742482
MIMAT0002876,0.00018529883863657826
MIMAT0019841,0.00018477190305548515
MIMAT0003277,0.0001841426225662679
MIMAT0016907,0.00018366010013569792
MIMAT0002833,0.00018214654905986043
MIMAT0019859,0.00018183645581071355
MIMAT0026478,0.0001817385809801137
MIMAT0027484,0.00018153568202348692
MIMAT0004569,0.00018054449139935316
MIMAT0019941,0.0001802699059265646
MIMAT0000414,0.00017992359932088284
MIMAT0000442,0.00017940205927854464
MIMAT0027037,0.00017873713291220147
MIMAT0016912,0.00017788688509111486
MIMAT0017950,0.00017674209163570865
MIMAT0022297,0.00017300403488178064
MIMAT0025847,0.0001723759332454985
MIMAT0021125,0.00017102396514161218
MIMAT0000443,0.00017041137523065235
MIMAT0005935,0.00017018970189701895
MIMAT0004565,0.00016824291506296876
MIMAT0019806,0.0001678939344601996
MIMAT0007348,0.00016763408301165742
MIMAT0019772,0.00016654879773691654
MIMAT0000098,0.00016520173902447678
MIMAT0021046,0.0001647204138572425
MIMAT0021117,0.00016160243741765483
MIMAT0004491,0.00016086065573770494
MIMAT0027635,0.00016061907947735674
MIMAT0000078,0.0001596420763638212
MIMAT0003249,0.00015800769406892456
MIMAT0019217,0.00015680582578264025
MIMAT0027483,0.00015641081434497926
MIMAT0021131,0.00015621890547263683
MIMAT0000733,0.0001515392819740646
MIMAT0019050,0.00015132738488653894
MIMAT0004799,0.00014937059944281905
MIMAT0026740,0.00014800150829562598
MIMAT0003241,0.00014776334243743992
MIMAT0018107,0.00014587049779136942
MIMAT0027582,0.00014412131893956086
MIMAT0013517,0.00014336778390510816
MIMAT0010367,0.00014278887655691213
MIMAT0027556,0.00014204914604730784
MIMAT0004809,0.0001403494514425031
MIMAT0018356,0.0001397038194543695
MIMAT0018077,0.00013879066478076382
MIMAT0000104,0.00013811946913107762
MIMAT0030981,0.00013798560601886283
MIMAT0022714,0.0001358036802923193
MIMAT0026618,0.0001354148697602207
MIMAT0027642,0.00013516226740639084
MIMAT0027658,0.0001348369536493843
MIMAT0017988,0.0001338937621832359
MIMAT0019973,0.00013366873065015478
MIMAT0001536,0.0001330170295687538
MIMAT0027485,0.00013215488215488218
MIMAT0003232,0.00013166830306005558
MIMAT0017990,0.00013148062255205112
MIMAT0005885,0.0001311831550802139
MIMAT0000435,0.00013113707959394282
MIMAT0000087,0.00013105546123372955
MIMAT0016874,0.0001308967984477323
MIMAT0016890,0.00013060011883541298
MIMAT0001620,0.00012998840867693319
MIMAT0015054,0.00012988417971235836
MIMAT0028231,0.00012955941097955617
MIMAT0019201,0.000129468833373757
MIMAT0019747,0.00012940102149749862
MIMAT0005459,0.00012935212468982647
MIMAT0000420,0.00012919684002633315
MIMAT0003290,0.00012911184210526318
MIMAT0018958,0.00012901538921261023
MIMAT0019865,0.0001286885245901639
MIMAT0000097,0.00012841718772720653
MIMAT0027440,0.00012837902837902843
MIMAT0005886,0.00012826797385620916
MIMAT0005593,0.00012816597461103363
MIMAT0003250,0.00012808857808857814
MIMAT0005941,0.00012801696020874105
MIMAT0027589,0.0001276422764227642
MIMAT0018203,0.00012749215949820782
MIMAT0002863,0.00012749215949820782
MIMAT0027572,0.00012744440455283835
MIMAT0018183,0.00012743506493506485
MIMAT0027397,0.00012734801912568305
MIMAT0019871,0.00012734056358917306
MIMAT0027495,0.00012729299685821415
MIMAT0022280,0.00012720790795657107
MIMAT0027435,0.0001271701271701273
MIMAT0019848,0.00012675656803700784
MIMAT0003303,0.00012661290322580644
MIMAT0019843,0.00012661290322580644
MIMAT0004920,0.00012654618689101452
MIMAT0025462,0.00012639308915770618
MIMAT0004780,0.00012635352648522095
MIMAT0016888,0.0001263458763458763
MIMAT0000076,0.00012616522018643527
MIMAT0004795,0.0001260305174701459
MIMAT0022299,0.00012597747432306261
MIMAT0002878,0.00012596702814094112
MIMAT0022492,0.0001259670281409411
MIMAT0000089,0.00012586179252845918
MIMAT0019060,0.0001258430071862907
MIMAT0027517,0.0001257786056199803
MIMAT0004586,0.00012569337221936288
MIMAT0004813,0.00012569337221936288
MIMAT0027529,0.0001256756064448373
MIMAT0019890,0.00012557225451138425
MIMAT0028216,0.00012550106842606018
MIMAT0019831,0.0001253024817872445
MIMAT0005799,0.0001252656067592195
MIMAT0016904,0.00012510748384036052
MIMAT0022709,0.00012463405366111566
MIMAT0019932,0.00012452231595644965
MIMAT0027573,0.00012452081956378054
MIMAT0021024,0.00012447605581465137
MIMAT0028124,0.00012447550741608122
MIMAT0019866,0.0001243619081147686
MIMAT0030987,0.00012433054052565144
MIMAT0004603,0.00012427666775848884
MIMAT0026558,0.00012410566646501328
MIMAT0027480,0.00012381331490716823
MIMAT0001618,0.00012380051194332226
MIMAT0018354,0.00012373896595208067
MIMAT0003161,0.0001235325590910522
MIMAT0027609,0.00012341958729118895
MIMAT0019220,0.00012309587813620076
MIMAT0027661,0.0001230008170208955
MIMAT0000273,0.0001229500644923531
MIMAT0003305,0.0001228823877274151
MIMAT0018088,0.00012282536824723464
MIMAT0005930,0.00012275599966926477
MIMAT0004947,0.00012273295809881184
MIMAT0022925,0.00012268292020004357
MIMAT0000422,0.00012248672836793882
MIMAT0022701,0.00012234560685758835
MIMAT0019063,0.00012217034521788345
MIMAT0004812,0.00012217034521788345
MIMAT0027362,0.00012207923486645157
MIMAT0005788,0.00012175513195723046
MIMAT0027421,0.00012174317617866
MIMAT0022695,0.00012173873380769934
MIMAT0027370,0.00012156934184297374
MIMAT0003247,0.00012150359314538421
MIMAT0019757,0.00012136672850958571
MIMAT0031179,0.00012112741759965824
MIMAT0019818,0.00012106281346693006
MIMAT0002869,0.00012106190790923114
MIMAT0019948,0.00012095927640157709
MIMAT0030983,0.00012066315327184897
MIMAT0005890,0.00012029038251575463
MIMAT0004596,0.00012002808404410224
MIMAT0002817,0.00011994906621392196
MIMAT0018076,0.00011993888464476702
MIMAT0003283,0.00011987715092688178
MIMAT0002843,0.00011982049820905242
MIMAT0022737,0.00011980517351361355
MIMAT0028109,0.00011942441933860704
MIMAT0019779,0.00011928796266145666
MIMAT0031009,0.00011926685888542026
MIMAT0021079,0.00011915604128718882
MIMAT0016913,0.00011891895761741112
MIMAT0016862,0.00011890078978686577
MIMAT0005933,0.0001189000881251377
MIMAT0026613,0.00011884669612635363
MIMAT0015016,0.00011882057336602795
MIMAT0021030,0.00011881176411466153
MIMAT0019227,0.00011880169197823763
"MIMAT0018181, MIMAT0019007",0.0001185452694073383
MIMAT0019754,0.00011852497096399538
MIMAT0022490,0.00011846821354461425
MIMAT0000705,0.00011840723323534077
MIMAT0021035,0.0001184012066365007
MIMAT0018001,0.0001183653221270776
MIMAT0028224,0.0001183322082643348
MIMAT0015010,0.00011819452948485207
MIMAT0019788,0.00011819452948485207
MIMAT0000066,0.00011814381270903013
MIMAT0027680,0.00011795912420912427
MIMAT0031005,0.00011784575968249449
MIMAT0019198,0.00011763236763236766
MIMAT0003325,0.00011763236763236766
MIMAT0018199,0.00011761356826081746
MIMAT0019781,0.00011754162987474606
MIMAT0027486,0.0001172961573175845
MIMAT0018948,0.00011716012507151742
MIMAT0019931,0.00011706453228944572
MIMAT0027497,0.00011672871484452359
MIMAT0000719,0.00011668524712002972
MIMAT0022502,0.00011664622768302775
MIMAT0016869,0.0001163663022637381
MIMAT0018193,0.00011625881822568317
MIMAT0022500,0.0001160098522167488
MIMAT0019872,0.00011596600873518522
MIMAT0024610,0.00011571770775750873
MIMAT0019711,0.00011571770775750873
MIMAT0014979,0.00011566419137575005
MIMAT0031004,0.00011521963635180852
MIMAT0002842,0.00011508913910391728
MIMAT0004807,0.00011486204013377925
MIMAT0019005,0.000114761249818721
MIMAT0003321,0.00011457763181901112
MIMAT0019074,0.00011455076089222425
MIMAT0022283,0.00011436480186480187
MIMAT0005875,0.00011427739563998978
MIMAT0004604,0.00011425159445498617
MIMAT0027688,0.00011418912628590047
MIMAT0019909,0.00011401597676107479
MIMAT0019769,0.00011392577288417439
MIMAT0022923,0.00011390961857379768
MIMAT0019221,0.00011379285351888091
MIMAT0027549,0.000113619916051527
MIMAT0002829,0.00011290902553038473
MIMAT0018935,0.00011286828658403991
MIMAT0003243,0.00011239977090492557
MIMAT0000764,0.00011230604470168917
MIMAT0030990,0.00011203082631654063
MIMAT0002850,0.00011194295900178249
MIMAT0031003,0.00011194295900178249
MIMAT0026921,0.00011117930318194698
MIMAT0018197,0.00011117930318194696
MIMAT0019199,0.00011106395019807587
MIMAT0005877,0.00011103253182461102
MIMAT0025451,0.000111032531824611
MIMAT0000275,0.00011081309994353476
MIMAT0005829,0.0001105732504383866
MIMAT0027461,0.00011056536791313339
MIMAT0001341,0.00011017543859649122
MIMAT0019834,0.00011009084247543131
MIMAT0019066,0.00011004672897196262
MIMAT0029310,0.00010990703405017922
MIMAT0026479,0.00010861293670010372
MIMAT0003338,0.0001079037800687285
MIMAT0000751,0.0001077088933691756
MIMAT0027569,0.00010741652983032296
MIMAT0005870,0.00010741652983032294
MIMAT0004493,0.00010741652983032294
MIMAT0027453,0.00010724043715846992
MIMAT0000693,0.00010724043715846992
MIMAT0002883,0.00010713505841249047
MIMAT0000100,0.00010688997821350763
MIMAT0004984,0.00010681240928882436
MIMAT0027358,0.00010678569530793341
MIMAT0018074,0.00010650710951915773
MIMAT0019803,0.00010650710951915771
MIMAT0022741,0.00010585221143473569
MIMAT0019719,0.00010551075268817203
MIMAT0010357,0.00010551075268817201
MIMAT0003281,0.0001054835311317509
MIMAT0018963,0.0001049465240641711
MIMAT0019232,0.00010456210456210456
MIMAT0005828,0.00010414593698175786
MIMAT0004553,0.00010414593698175786
MIMAT0019362,0.00010414593698175785
MIMAT0000444,0.00010409299858557285
MIMAT0004699,0.0001037673496364838
MIMAT0004585,0.00010376734963648378
MIMAT0000717,0.00010342555994729907
MIMAT0030428,0.00010342555994729907
MIMAT0026614,0.00010284965607599081
MIMAT0015033,0.00010253396029258097
MIMAT0027449,0.00010224682513839137
MIMAT0031176,0.00010211382113821134
MIMAT0004559,0.00010201429499675112
MIMAT0019920,0.00010182462815634728
MIMAT0000254,0.00010115979381443298
MIMAT0003297,0.00010053790983606557
MIMAT0019835,9.941742654508612e-05
MIMAT0027447,9.891633064516129e-05
MIMAT0018121,9.845317725752508e-05
MIMAT0022692,9.845317725752508e-05
MIMAT0019879,9.802697302697304e-05
MIMAT0018122,9.802697302697304e-05
MIMAT0002861,9.802697302697304e-05
MIMAT0004605,9.7636815920398e-05
MIMAT0000691,9.728189028420358e-05
MIMAT0004611,9.728189028420357e-05
MIMAT0011159,9.728189028420357e-05
MIMAT0003223,9.69614624505929e-05
MIMAT0004800,9.69614624505929e-05
MIMAT0019824,9.69614624505929e-05
MIMAT0004558,9.667487684729063e-05
MIMAT0020924,9.642155257124141e-05
MIMAT0019751,9.642155257124139e-05
MIMAT0004509,9.642155257124139e-05
MIMAT0019731,9.601272015655577e-05
MIMAT0021084,9.584859584859585e-05
MIMAT0005795,9.563840155945421e-05
MIMAT0004555,9.554527750730282e-05
MIMAT0019207,9.409085460865396e-05
MIMAT0004658,9.252710985384254e-05
MIMAT0016919,9.181286549707602e-05
MIMAT0027575,9.181286549707602e-05
MIMAT0000447,9.114129803784976e-05
MIMAT0019936,9.114129803784974e-05
MIMAT0004510,9.114129803784974e-05
MIMAT0027491,9.05107805834198e-05
MIMAT0002808,8.991981672394042e-05
MIMAT0019918,8.936703096539163e-05
MIMAT0013515,8.936703096539163e-05
MIMAT0027410,8.885116015846068e-05
MIMAT0019025,8.885116015846068e-05
MIMAT0001627,8.885116015846068e-05
MIMAT0000688,8.885116015846068e-05
MIMAT0019796,8.885116015846068e-05
MIMAT0019224,8.837104581785432e-05
MIMAT0025482,8.837104581785432e-05
MIMAT0006765,8.792562724014338e-05
MIMAT0000068,8.792562724014338e-05
MIMAT0009978,8.792562724014337e-05
MIMAT0016848,8.713508713508716e-05
MIMAT0022941,8.713508713508714e-05
MIMAT0019980,8.713508713508714e-05
MIMAT0019840,8.713508713508714e-05
MIMAT0009206,8.713508713508714e-05
MIMAT0004601,8.678828081813156e-05
MIMAT0004921,8.678828081813156e-05
MIMAT0022279,8.678828081813156e-05
"MIMAT0022722, MIMAT0022733, MIMAT0022739",8.678828081813156e-05
MIMAT0007401,8.647279136373651e-05
MIMAT0031175,8.647279136373651e-05
MIMAT0000073,8.618796662274924e-05
MIMAT0016902,8.593322386425834e-05
MIMAT0009448,8.593322386425833e-05
MIMAT0027427,8.570804672999235e-05
MIMAT0002848,8.551198257080609e-05
MIMAT0019946,8.520568761532618e-05
MIMAT0004548,8.520568761532615e-05
MIMAT0005887,8.509485094850947e-05
MIMAT0000241,8.501191249729261e-05
MIMAT0015001,8.492913556204697e-05
MIMAT0000094,8.492913556204697e-05
MIMAT0004678,6.792035134199743e-05
MIMAT0027534,6.743986254295533e-05
MIMAT0004499,6.66383701188455e-05
MIMAT0000429,6.594422043010753e-05
MIMAT0002875,6.594422043010753e-05
MIMAT0028217,6.594422043010753e-05
MIMAT0028225,6.563545150501671e-05
MIMAT0003292,6.563545150501671e-05
MIMAT0021021,6.535131535131536e-05
MIMAT0011156,6.535131535131536e-05
MIMAT0005919,6.509121061359868e-05
MIMAT0000424,6.509121061359868e-05
MIMAT0005908,6.509121061359867e-05
MIMAT0027411,6.464097496706194e-05
MIMAT0016922,6.464097496706194e-05
MIMAT0030021,6.464097496706194e-05
MIMAT0018006,6.44889311656865e-05
MIMAT0018942,6.444991789819377e-05
MIMAT0019030,6.413398692810458e-05
MIMAT0015034,6.375893437296948e-05
MIMAT0032116,6.375893437296948e-05
MIMAT0004556,6.371753246753248e-05
MIMAT0022938,6.329256808184006e-05
MIMAT0018971,6.301336618876952e-05
MIMAT0005904,6.213251922207145e-05
MIMAT0019011,6.044996669996661e-05
MIMAT0018928,5.858208955223877e-05
MIMAT0018349,5.816310779521493e-05
MIMAT0018084,4.759883579917539e-05
MIMAT0022700,4.322902953237947e-05
MIMAT0007892,4.3035865048298974e-05
MIMAT0027412,4.2966611932129075e-05
MIMAT0004607,4.2894360189239274e-05
MIMAT0002890,4.264493676258382e-05
MIMAT0023712,4.1890795765027495e-05
MIMAT0004950,4.124709831231572e-05
MIMAT0027493,4.002292320930422e-05
MIMAT0005458,3.935554212668516e-05
MIMAT0019699,3.9339919816724026e-05
MIMAT0010133,3.8184843830004866e-05
MIMAT0018360,3.803825339969917e-05
MIMAT0004798,3.746659030164188e-05
MIMAT0028227,3.0111846886860858e-05
MIMAT0027414,2.527972822792493e-05
MIMAT0000065,0.0
MIMAT0000067,0.0
MIMAT0000072,0.0
MIMAT0000222,0.0
MIMAT0000103,0.0
MIMAT0000099,0.0
MIMAT0000096,0.0
MIMAT0000095,0.0
MIMAT0031001,0.0
MIMAT0000274,0.0
MIMAT0030427,0.0
MIMAT0019782,0.0
MIMAT0019819,0.0
MIMAT0019827,0.0
MIMAT0019828,0.0
MIMAT0019832,0.0
MIMAT0019833,0.0
MIMAT0019759,0.0
MIMAT0019761,0.0
MIMAT0000256,0.0
MIMAT0000258,0.0
MIMAT0030992,0.0
MIMAT0030993,0.0
MIMAT0030994,0.0
MIMAT0030985,0.0
MIMAT0019013,0.0
MIMAT0019016,0.0
MIMAT0018988,0.0
"MIMAT0018989, MIMAT0022707",0.0
MIMAT0018990,0.0
MIMAT0018995,0.0
MIMAT0018998,0.0
MIMAT0019979,0.0
MIMAT0019984,0.0
MIMAT0020541,0.0
MIMAT0020600,0.0
MIMAT0020959,0.0
MIMAT0021017,0.0
MIMAT0019031,0.0
MIMAT0019033,0.0
MIMAT0019036,0.0
MIMAT0018952,0.0
MIMAT0021018,0.0
MIMAT0021020,0.0
MIMAT0021022,0.0
MIMAT0021023,0.0
MIMAT0021025,0.0
MIMAT0021027,0.0
MIMAT0021028,0.0
MIMAT0021029,0.0
MIMAT0018972,0.0
MIMAT0018974,0.0
MIMAT0018977,0.0
MIMAT0018979,0.0
MIMAT0018982,0.0
MIMAT0018953,0.0
MIMAT0019012,0.0
MIMAT0021118,0.0
MIMAT0021122,0.0
MIMAT0018355,0.0
MIMAT0018956,0.0
MIMAT0018959,0.0
MIMAT0018961,0.0
MIMAT0018962,0.0
MIMAT0018969,0.0
MIMAT0021036,0.0
MIMAT0021038,0.0
MIMAT0021041,0.0
MIMAT0021044,0.0
MIMAT0021045,0.0
MIMAT0018940,0.0
MIMAT0018943,0.0
MIMAT0018946,0.0
MIMAT0022266,0.0
MIMAT0018189,0.0
MIMAT0018190,0.0
MIMAT0018195,0.0
MIMAT0018196,0.0
MIMAT0018198,0.0
MIMAT0018201,0.0
MIMAT0018444,0.0
"MIMAT0018446, MIMAT0022723",0.0
"MIMAT0018447, MIMAT0022730",0.0
MIMAT0018925,0.0
MIMAT0018926,0.0
MIMAT0018930,0.0
MIMAT0021080,0.0
MIMAT0021081,0.0
MIMAT0021083,0.0
MIMAT0022269,0.0
MIMAT0022274,0.0
MIMAT0022277,0.0
MIMAT0022278,0.0
MIMAT0022281,0.0
MIMAT0022282,0.0
MIMAT0018119,0.0
MIMAT0018182,0.0
MIMAT0018186,0.0
MIMAT0018357,0.0
MIMAT0018358,0.0
MIMAT0018359,0.0
MIMAT0018443,0.0
MIMAT0022255,0.0
MIMAT0022263,0.0
MIMAT0022265,0.0
MIMAT0022288,0.0
MIMAT0022289,0.0
MIMAT0022292,0.0
MIMAT0022293,0.0
MIMAT0022298,0.0
MIMAT0018106,0.0
MIMAT0018108,0.0
MIMAT0018110,0.0
MIMAT0018111,0.0
MIMAT0018112,0.0
MIMAT0018113,0.0
MIMAT0018115,0.0
MIMAT0018202,0.0
MIMAT0018204,0.0
MIMAT0022267,0.0
MIMAT0022268,0.0
MIMAT0022300,0.0
MIMAT0022301,0.0
MIMAT0022303,0.0
MIMAT0022304,0.0
MIMAT0022468,0.0
MIMAT0022469,0.0
MIMAT0022470,0.0
MIMAT0022471,0.0
MIMAT0022472,0.0
MIMAT0022473,0.0
MIMAT0022476,0.0
MIMAT0022478,0.0
MIMAT0018086,0.0
MIMAT0018188,0.0
MIMAT0022285,0.0
MIMAT0022287,0.0
MIMAT0019046,0.0
MIMAT0019047,0.0
MIMAT0019048,0.0
MIMAT0019049,0.0
MIMAT0018102,0.0
MIMAT0022482,0.0
MIMAT0022483,0.0
MIMAT0022484,0.0
MIMAT0022486,0.0
MIMAT0022488,0.0
MIMAT0022493,0.0
MIMAT0022494,0.0
MIMAT0018069,0.0
MIMAT0018070,0.0
MIMAT0018116,0.0
"MIMAT0018117, MIMAT0018180, MIMAT0019009",0.0
MIMAT0018093,0.0
MIMAT0018094,0.0
MIMAT0018095,0.0
MIMAT0018097,0.0
MIMAT0018098,0.0
MIMAT0019967,0.0
MIMAT0019968,0.0
MIMAT0019970,0.0
MIMAT0019972,0.0
MIMAT0019974,0.0
MIMAT0019975,0.0
MIMAT0019977,0.0
MIMAT0019978,0.0
MIMAT0019004,0.0
MIMAT0019040,0.0
MIMAT0019041,0.0
MIMAT0017989,0.0
MIMAT0018072,0.0
MIMAT0018073,0.0
MIMAT0018078,0.0
MIMAT0018081,0.0
MIMAT0018083,0.0
MIMAT0022495,0.0
MIMAT0022496,0.0
MIMAT0022501,0.0
MIMAT0022691,0.0
MIMAT0022696,0.0
MIMAT0022698,0.0
MIMAT0017992,0.0
MIMAT0017993,0.0
MIMAT0017995,0.0
MIMAT0018091,0.0
MIMAT0016903,0.0
MIMAT0016905,0.0
MIMAT0016908,0.0
MIMAT0017996,0.0
MIMAT0017997,0.0
MIMAT0017998,0.0
MIMAT0022706,0.0
MIMAT0022711,0.0
MIMAT0022712,0.0
MIMAT0022717,0.0
MIMAT0022720,0.0
MIMAT0016926,0.0
MIMAT0017983,0.0
MIMAT0017984,0.0
MIMAT0017985,0.0
MIMAT0017986,0.0
MIMAT0022862,0.0
MIMAT0022928,0.0
MIMAT0022940,0.0
MIMAT0016861,0.0
MIMAT0016863,0.0
MIMAT0016866,0.0
MIMAT0016871,0.0
MIMAT0016872,0.0
MIMAT0017991,0.0
MIMAT0016923,0.0
MIMAT0016924,0.0
MIMAT0022724,0.0
MIMAT0022728,0.0
MIMAT0022742,0.0
MIMAT0022839,0.0
MIMAT0016899,0.0
MIMAT0022967,0.0
MIMAT0022970,0.0
MIMAT0022975,0.0
MIMAT0022978,0.0
MIMAT0022984,0.0
MIMAT0015082,0.0
MIMAT0015085,0.0
MIMAT0015086,0.0
MIMAT0015088,0.0
MIMAT0015090,0.0
MIMAT0016844,0.0
MIMAT0016877,0.0
MIMAT0016880,0.0
MIMAT0016883,0.0
MIMAT0016887,0.0
MIMAT0022861,0.0
MIMAT0015076,0.0
MIMAT0015077,0.0
MIMAT0015044,0.0
MIMAT0015046,0.0
MIMAT0015051,0.0
MIMAT0015053,0.0
MIMAT0015056,0.0
MIMAT0023704,0.0
MIMAT0023705,0.0
MIMAT0023707,0.0
MIMAT0015028,0.0
MIMAT0015030,0.0
MIMAT0016847,0.0
MIMAT0016853,0.0
MIMAT0016856,0.0
MIMAT0022965,0.0
MIMAT0019935,0.0
MIMAT0019937,0.0
MIMAT0019943,0.0
MIMAT0015042,0.0
MIMAT0024611,0.0
MIMAT0024612,0.0
MIMAT0024614,0.0
MIMAT0024616,0.0
MIMAT0015011,0.0
MIMAT0015012,0.0
MIMAT0015013,0.0
MIMAT0015015,0.0
MIMAT0015062,0.0
MIMAT0015063,0.0
MIMAT0015064,0.0
MIMAT0015072,0.0
MIMAT0015006,0.0
MIMAT0015031,0.0
MIMAT0015037,0.0
MIMAT0015039,0.0
MIMAT0015040,0.0
MIMAT0019052,0.0
MIMAT0019951,0.0
MIMAT0019952,0.0
MIMAT0019955,0.0
MIMAT0019960,0.0
MIMAT0019961,0.0
MIMAT0019962,0.0
MIMAT0019024,0.0
MIMAT0019026,0.0
MIMAT0019933,0.0
MIMAT0019934,0.0
MIMAT0025473,0.0
MIMAT0011162,0.0
MIMAT0013516,0.0
MIMAT0015020,0.0
MIMAT0015022,0.0
MIMAT0015025,0.0
MIMAT0025452,0.0
MIMAT0025456,0.0
MIMAT0025459,0.0
MIMAT0025461,0.0
MIMAT0014998,0.0
MIMAT0015000,0.0
MIMAT0015002,0.0
MIMAT0015003,0.0
MIMAT0015004,0.0
MIMAT0015005,0.0
MIMAT0025843,0.0
MIMAT0009979,0.0
MIMAT0010214,0.0
MIMAT0010251,0.0
MIMAT0015008,0.0
MIMAT0015009,0.0
MIMAT0014978,0.0
MIMAT0014980,0.0
MIMAT0014982,0.0
MIMAT0014985,0.0
MIMAT0014988,0.0
MIMAT0014991,0.0
MIMAT0014992,0.0
MIMAT0025464,0.0
MIMAT0025465,0.0
MIMAT0025468,0.0
MIMAT0019925,0.0
MIMAT0025850,0.0
MIMAT0025851,0.0
MIMAT0025855,0.0
MIMAT0026473,0.0
MIMAT0009196,0.0
MIMAT0009197,0.0
MIMAT0009977,0.0
MIMAT0013863,0.0
MIMAT0014977,0.0
MIMAT0025480,0.0
MIMAT0025483,0.0
MIMAT0025484,0.0
MIMAT0025486,0.0
MIMAT0025841,0.0
MIMAT0025842,0.0
MIMAT0005948,0.0
MIMAT0010497,0.0
MIMAT0011157,0.0
MIMAT0011158,0.0
MIMAT0011160,0.0
MIMAT0019944,0.0
MIMAT0019054,0.0
MIMAT0019055,0.0
MIMAT0019056,0.0
MIMAT0019058,0.0
MIMAT0019062,0.0
MIMAT0019067,0.0
MIMAT0019039,0.0
MIMAT0019916,0.0
MIMAT0019921,0.0
MIMAT0019924,0.0
MIMAT0005928,0.0
MIMAT0005931,0.0
MIMAT0005934,0.0
MIMAT0006789,0.0
MIMAT0007399,0.0
MIMAT0007402,0.0
MIMAT0007887,0.0
MIMAT0026480,0.0
MIMAT0026481,0.0
MIMAT0026482,0.0
MIMAT0026485,0.0
MIMAT0026486,0.0
MIMAT0026557,0.0
MIMAT0026606,0.0
MIMAT0005944,0.0
MIMAT0005945,0.0
MIMAT0005906,0.0
MIMAT0005907,0.0
MIMAT0005909,0.0
MIMAT0005911,0.0
MIMAT0005912,0.0
MIMAT0005955,0.0
MIMAT0005956,0.0
MIMAT0026609,0.0
MIMAT0026611,0.0
MIMAT0026615,0.0
MIMAT0026617,0.0
MIMAT0026619,0.0
MIMAT0026621,0.0
MIMAT0005923,0.0
MIMAT0005925,0.0
MIMAT0005926,0.0
MIMAT0026765,0.0
MIMAT0026917,0.0
MIMAT0005893,0.0
MIMAT0005894,0.0
MIMAT0005896,0.0
MIMAT0005897,0.0
MIMAT0005936,0.0
MIMAT0005937,0.0
MIMAT0005940,0.0
MIMAT0026623,0.0
MIMAT0026625,0.0
MIMAT0026626,0.0
MIMAT0026638,0.0
MIMAT0026640,0.0
MIMAT0026641,0.0
MIMAT0026719,0.0
MIMAT0027036,0.0
MIMAT0027345,0.0
MIMAT0027354,0.0
MIMAT0005874,0.0
MIMAT0005879,0.0
MIMAT0005882,0.0
MIMAT0005884,0.0
MIMAT0005913,0.0
MIMAT0005914,0.0
MIMAT0005916,0.0
MIMAT0005917,0.0
MIMAT0005918,0.0
MIMAT0026722,0.0
MIMAT0026736,0.0
MIMAT0026737,0.0
MIMAT0026749,0.0
MIMAT0005903,0.0
MIMAT0005905,0.0
MIMAT0019926,0.0
MIMAT0019927,0.0
MIMAT0019929,0.0
MIMAT0019930,0.0
MIMAT0019070,0.0
MIMAT0019076,0.0
MIMAT0019079,0.0
MIMAT0019080,0.0
MIMAT0019197,0.0
MIMAT0019228,0.0
MIMAT0019230,0.0
MIMAT0019905,0.0
MIMAT0019907,0.0
MIMAT0019908,0.0
MIMAT0027380,0.0
MIMAT0004927,0.0
MIMAT0004929,0.0
MIMAT0004953,0.0
MIMAT0005889,0.0
MIMAT0005800,0.0
MIMAT0005823,0.0
MIMAT0005825,0.0
MIMAT0005869,0.0
MIMAT0027363,0.0
MIMAT0027366,0.0
MIMAT0027367,0.0
MIMAT0027368,0.0
MIMAT0005798,0.0
MIMAT0005898,0.0
MIMAT0005900,0.0
MIMAT0027394,0.0
MIMAT0027398,0.0
MIMAT0027399,0.0
MIMAT0027403,0.0
MIMAT0004803,0.0
MIMAT0004805,0.0
MIMAT0004985,0.0
MIMAT0005576,0.0
MIMAT0005586,0.0
MIMAT0004960,0.0
MIMAT0004972,0.0
MIMAT0004974,0.0
MIMAT0004975,0.0
MIMAT0004977,0.0
MIMAT0004981,0.0
MIMAT0027379,0.0
MIMAT0027407,0.0
MIMAT0000074,0.0
MIMAT0004779,0.0
MIMAT0004784,0.0
MIMAT0004785,0.0
MIMAT0004793,0.0
MIMAT0004796,0.0
MIMAT0004954,0.0
MIMAT0004955,0.0
MIMAT0004956,0.0
MIMAT0004909,0.0
MIMAT0004913,0.0
MIMAT0004917,0.0
MIMAT0004922,0.0
MIMAT0004923,0.0
MIMAT0004924,0.0
MIMAT0027437,0.0
MIMAT0004763,0.0
MIMAT0004765,0.0
MIMAT0004766,0.0
MIMAT0004767,0.0
MIMAT0004768,0.0
MIMAT0004772,0.0
MIMAT0004774,0.0
MIMAT0004775,0.0
MIMAT0004777,0.0
"MIMAT0004806, MIMAT0022738, MIMAT0022740",0.0
MIMAT0004810,0.0
MIMAT0004901,0.0
MIMAT0004902,0.0
MIMAT0004903,0.0
MIMAT0027406,0.0
MIMAT0004797,0.0
MIMAT0000063,0.0
MIMAT0004801,0.0
MIMAT0027434,0.0
MIMAT0019911,0.0
MIMAT0019914,0.0
MIMAT0019203,0.0
MIMAT0019204,0.0
MIMAT0019205,0.0
MIMAT0019206,0.0
MIMAT0019214,0.0
MIMAT0019701,0.0
MIMAT0019703,0.0
MIMAT0019704,0.0
MIMAT0019705,0.0
MIMAT0019234,0.0
MIMAT0004606,0.0
MIMAT0004608,0.0
MIMAT0004612,0.0
MIMAT0004613,0.0
MIMAT0004615,0.0
MIMAT0004695,0.0
MIMAT0004697,0.0
MIMAT0004700,0.0
MIMAT0004702,0.0
MIMAT0004703,0.0
MIMAT0004752,0.0
MIMAT0027451,0.0
MIMAT0004674,0.0
MIMAT0004679,0.0
MIMAT0004680,0.0
MIMAT0004683,0.0
MIMAT0019713,0.0
MIMAT0019716,0.0
MIMAT0027476,0.0
MIMAT0004564,0.0
MIMAT0004568,0.0
MIMAT0004571,0.0
MIMAT0004584,0.0
MIMAT0004587,0.0
MIMAT0004588,0.0
MIMAT0004685,0.0
MIMAT0004688,0.0
MIMAT0004689,0.0
MIMAT0004690,0.0
MIMAT0027454,0.0
MIMAT0027465,0.0
MIMAT0027467,0.0
MIMAT0004673,0.0
MIMAT0004589,0.0
MIMAT0004593,0.0
MIMAT0004599,0.0
MIMAT0019359,0.0
MIMAT0019363,0.0
MIMAT0019886,0.0
MIMAT0019891,0.0
MIMAT0019895,0.0
MIMAT0019897,0.0
MIMAT0019898,0.0
MIMAT0019219,0.0
MIMAT0019732,0.0
MIMAT0019734,0.0
MIMAT0019735,0.0
MIMAT0019736,0.0
MIMAT0004515,0.0
MIMAT0027509,0.0
MIMAT0027512,0.0
MIMAT0004484,0.0
MIMAT0004485,0.0
MIMAT0004487,0.0
MIMAT0004488,0.0
MIMAT0027490,0.0
MIMAT0027500,0.0
MIMAT0004516,0.0
MIMAT0004550,0.0
MIMAT0004551,0.0
MIMAT0004554,0.0
MIMAT0004557,0.0
MIMAT0004502,0.0
MIMAT0004671,0.0
MIMAT0003885,0.0
MIMAT0003886,0.0
MIMAT0004450,0.0
MIMAT0004481,0.0
MIMAT0027518,0.0
MIMAT0027528,0.0
MIMAT0003339,0.0
MIMAT0003385,0.0
MIMAT0003386,0.0
MIMAT0004503,0.0
MIMAT0004504,0.0
MIMAT0004505,0.0
MIMAT0004506,0.0
MIMAT0004511,0.0
MIMAT0004512,0.0
MIMAT0004514,0.0
MIMAT0004490,0.0
MIMAT0004492,0.0
MIMAT0004495,0.0
MIMAT0003880,0.0
MIMAT0019873,0.0
MIMAT0019875,0.0
MIMAT0019876,0.0
MIMAT0019877,0.0
MIMAT0019693,0.0
MIMAT0019694,0.0
MIMAT0019700,0.0
MIMAT0019752,0.0
MIMAT0019753,0.0
MIMAT0019851,0.0
MIMAT0019856,0.0
MIMAT0019857,0.0
MIMAT0003289,0.0
MIMAT0003293,0.0
MIMAT0003296,0.0
MIMAT0003389,0.0
MIMAT0003393,0.0
MIMAT0027536,0.0
MIMAT0027537,0.0
MIMAT0027542,0.0
MIMAT0027543,0.0
MIMAT0027546,0.0
MIMAT0003314,0.0
MIMAT0003315,0.0
MIMAT0003316,0.0
MIMAT0003318,0.0
MIMAT0003327,0.0
MIMAT0003328,0.0
MIMAT0027571,0.0
MIMAT0027579,0.0
MIMAT0003251,0.0
MIMAT0003254,0.0
MIMAT0003255,0.0
MIMAT0003258,0.0
MIMAT0003299,0.0
MIMAT0003302,0.0
MIMAT0003309,0.0
MIMAT0003310,0.0
MIMAT0027552,0.0
MIMAT0027564,0.0
MIMAT0003284,0.0
MIMAT0003285,0.0
MIMAT0003287,0.0
MIMAT0003288,0.0
MIMAT0003245,0.0
MIMAT0027583,0.0
MIMAT0027587,0.0
MIMAT0027593,0.0
MIMAT0003216,0.0
MIMAT0003217,0.0
MIMAT0003219,0.0
MIMAT0003221,0.0
MIMAT0003265,0.0
MIMAT0003267,0.0
MIMAT0003268,0.0
MIMAT0003275,0.0
MIMAT0003278,0.0
MIMAT0003279,0.0
MIMAT0027566,0.0
MIMAT0027570,0.0
MIMAT0019768,0.0
MIMAT0027612,0.0
MIMAT0002879,0.0
MIMAT0002880,0.0
MIMAT0002881,0.0
MIMAT0002882,0.0
MIMAT0002888,0.0
MIMAT0003150,0.0
MIMAT0003163,0.0
MIMAT0003260,0.0
MIMAT0003233,0.0
MIMAT0003234,0.0
MIMAT0003235,0.0
MIMAT0003236,0.0
MIMAT0003242,0.0
MIMAT0003244,0.0
MIMAT0003227,0.0
MIMAT0003228,0.0
MIMAT0003231,0.0
MIMAT0027599,0.0
MIMAT0019860,0.0
MIMAT0019861,0.0
MIMAT0019864,0.0
MIMAT0019724,0.0
MIMAT0019726,0.0
MIMAT0019727,0.0
MIMAT0019728,0.0
MIMAT0019729,0.0
MIMAT0019730,0.0
MIMAT0019762,0.0
MIMAT0019765,0.0
MIMAT0019766,0.0
MIMAT0027644,0.0
MIMAT0002811,0.0
MIMAT0002814,0.0
MIMAT0003165,0.0
MIMAT0003180,0.0
MIMAT0002866,0.0
MIMAT0002870,0.0
MIMAT0002873,0.0
MIMAT0027614,0.0
MIMAT0027620,0.0
MIMAT0027627,0.0
MIMAT0027629,0.0
MIMAT0002851,0.0
MIMAT0002856,0.0
MIMAT0002858,0.0
MIMAT0003225,0.0
MIMAT0001532,0.0
MIMAT0001545,0.0
MIMAT0001621,0.0
MIMAT0001625,0.0
MIMAT0002859,0.0
MIMAT0002830,0.0
MIMAT0002832,0.0
MIMAT0002835,0.0
MIMAT0002837,0.0
MIMAT0002838,0.0
MIMAT0002839,0.0
MIMAT0002840,0.0
MIMAT0002841,0.0
MIMAT0027632,0.0
MIMAT0027639,0.0
MIMAT0027643,0.0
MIMAT0000773,0.0
MIMAT0001075,0.0
MIMAT0001080,0.0
MIMAT0001412,0.0
MIMAT0000734,0.0
MIMAT0002818,0.0
MIMAT0002821,0.0
MIMAT0002823,0.0
MIMAT0002175,0.0
MIMAT0002804,0.0
MIMAT0002805,0.0
MIMAT0002806,0.0
MIMAT0002809,0.0
MIMAT0002810,0.0
MIMAT0027649,0.0
MIMAT0027656,0.0
MIMAT0027679,0.0
MIMAT0027682,0.0
MIMAT0027683,0.0
MIMAT0027684,0.0
MIMAT0027690,0.0
MIMAT0000718,0.0
MIMAT0000720,0.0
MIMAT0000721,0.0
MIMAT0001630,0.0
MIMAT0001638,0.0
MIMAT0027662,0.0
MIMAT0027676,0.0
MIMAT0027677,0.0
MIMAT0000763,0.0
MIMAT0000765,0.0
MIMAT0000770,0.0
MIMAT0019770,0.0
MIMAT0019773,0.0
MIMAT0019776,0.0
MIMAT0019778,0.0
MIMAT0000687,0.0
MIMAT0000689,0.0
MIMAT0000692,0.0
MIMAT0000703,0.0
MIMAT0000707,0.0
MIMAT0000715,0.0
MIMAT0000735,0.0
MIMAT0000736,0.0
MIMAT0000737,0.0
MIMAT0000750,0.0
MIMAT0000755,0.0
MIMAT0000758,0.0
MIMAT0000727,0.0
MIMAT0000729,0.0
MIMAT0000730,0.0
MIMAT0028123,0.0
MIMAT0000686,0.0
MIMAT0019845,0.0
MIMAT0019847,0.0
MIMAT0019741,0.0
MIMAT0019742,0.0
MIMAT0019744,0.0
MIMAT0019745,0.0
MIMAT0019746,0.0
MIMAT0019748,0.0
MIMAT0019750,0.0
MIMAT0019801,0.0
MIMAT0019802,0.0
MIMAT0000454,0.0
MIMAT0000456,0.0
MIMAT0000458,0.0
MIMAT0000460,0.0
MIMAT0000510,0.0
MIMAT0000617,0.0
MIMAT0000646,0.0
MIMAT0000680,0.0
MIMAT0000683,0.0
MIMAT0000684,0.0
MIMAT0028212,0.0
MIMAT0028218,0.0
MIMAT0000064,0.0
MIMAT0028228,0.0
MIMAT0028229,0.0
MIMAT0000724,0.0
MIMAT0030419,0.0
MIMAT0000276,0.0
MIMAT0000281,0.0
MIMAT0000416,0.0
MIMAT0000419,0.0
MIMAT0000421,0.0
MIMAT0028232,0.0
MIMAT0028233,0.0
MIMAT0028234,0.0
MIMAT0029782,0.0
MIMAT0030018,0.0
MIMAT0030020,0.0
MIMAT0000441,0.0
MIMAT0000448,0.0
MIMAT0000449,0.0
MIMAT0000453,0.0
MIMAT0030986,0.0
MIMAT0030988,0.0
MIMAT0030989,0.0
MIMAT0000243,0.0
MIMAT0000244,0.0
MIMAT0000250,0.0
MIMAT0000251,0.0
MIMAT0000425,0.0
MIMAT0000428,0.0
MIMAT0000432,0.0
MIMAT0000433,0.0
MIMAT0000438,0.0
MIMAT0000439,0.0
MIMAT0030412,0.0
MIMAT0030414,0.0
MIMAT0030418,0.0
MIMAT0030995,0.0
MIMAT0035704,0.0
MIMAT0031893,0.0
MIMAT0032026,0.0
"MIMAT0032114, MIMAT0032115",0.0
MIMAT0000062,0.0
MIMAT0000090,0.0
MIMAT0031006,0.0
MIMAT0031007,0.0
MIMAT0031008,0.0
MIMAT0031013,0.0
MIMAT0031015,0.0
MIMAT0031074,0.0
MIMAT0035703,0.0
MIMAT0000260,0.0
MIMAT0000270,0.0
MIMAT0019037,0.0
MIMAT0019963,0.0
MIMAT0033692,0.0
MIMAT0019804,0.0
MIMAT0019805,0.0
MIMAT0019814,0.0
MIMAT0019816,0.0
MIMAT0019787,0.0
MIMAT0019790,0.0
MIMAT0019795,0.0
MIMAT0000079,0.0
MIMAT0000081,0.0
MIMAT0000082,0.0
MIMAT0000084,0.0
MIMAT0000085,0.0
MIMAT0000086,0.0
